Battery (WHrs),Bus (MHz),CPU Brand Modifier,CPU Generation,CPU Manufacturer,CPU Speed (GHz),GPU Manufacturer,Manufacturer,RAM (GB),RAM Type,Screen Resolution,Screen Size (Inches),Storage (GB),Weight (kg),Price
75,7467,Ultra5,125.0,Intel,4.50,Intel,Asus,16,LPDDR5X,2880x1800,14.0,512.0,1.3,26990000
59,6400,5,8640.0,AMD,4.90,Amd,HP,16,LPDDR5,2880x1800,14.0,512.0,,28990000
70,8533,Ultra7,258.0,Intel,4.80,Intel,Lenovo,32,LPDDR5x,2880x1800,15.3,1024.0,1.53,42990000
59,6400,Ultra7,155.0,Intel,4.80,Intel,HP,32,LPDDR5,2880x1800,14.0,512.0,,35290000
41,3200,7,150.0,Intel,5.40,Intel,HP,16,DDR4,1920x1080,14.0,512.0,1.4,22990000
41,3200,5,120.0,Intel,5.00,Intel,HP,16,DDR4,1920x1080,14.0,512.0,1.4,19990000
41,3200,5,120.0,Intel,5.00,Intel,HP,16,DDR4,1920x1080,14.0,512.0,1.4,21290000
59,6400,Ultra7,155.0,Intel,4.80,Intel,HP,32,LPDDR5,2880x1800,14.0,512.0,,35290000
41,3200,5,1334.0,Intel,4.60,Intel,Dell,16,DDR4,1920x1080,15.6,512.0,1.62,19990000
54,3200,7,1355.0,Intel,5.00,Intel,Dell,16,DDR4,1920x1080,15.6,512.0,1.62,22490000
42,3200,5,5625.0,AMD,4.30,Amd,Lenovo,16,DDR4,1920x1080,15.6,512.0,1.38,12790000
54,3200,7,1355.0,Intel,5.00,Intel,Dell,16,DDR4,1920x1080,15.6,512.0,1.62,22490000
63,5600,Ultra5,125.0,Intel,4.50,Intel,Asus,16,DDR5,1920x1200,14.0,512.0,1.4,27990000
63,5600,Ultra7,155.0,Intel,4.80,Intel,Asus,16,DDR5,1920x1200,14.0,512.0,1.4,31990000
84,7467,Ultra7,155.0,Intel,4.80,Nvidia,Lenovo,16,LPDDR5x,2048x1280,16.0,512.0,1.91,37990000
72,,5,1340.0,Intel,4.60,Intel,LG,16,LPDDR5,2880x1800,14.0,512.0,0.999,38990000
43,3200,5,120.0,Intel,5.00,Intel,HP,8,DDR4,1920x1080,14.0,512.0,1.52,17990000
75,5200,5,13500.0,Intel,4.70,Nvidia,Lenovo,16,LPDDR5,2560x1600,16.0,1024.0,1.95,25990000
50,3200,7,12700.0,Intel,4.70,Intel,Asus,16,DDR4,2880x1800,14.0,512.0,1.45,20490000
75,7500,AI9,,AMD,5.10,Amd,ASUS,32,LPDDR5X,2880x1800,14.0,1024.0,,33990000
42,5600,5,1335.0,Intel,4.60,Intel,Dell,8,DDR5,1920x1080,14.0,512.0,,20990000
65,7467,Ultra7,155.0,Intel,4.80,Intel,Lenovo,32,LPDDR5x,1920x1200,14.0,1024.0,1.4,31990000
3,8448,EliteX1E,,Snapdragon,3.4,Qualcomm,Asus,32,LPDDR5X,2880x1620,15.6,1024.0,1.42,34990000
47,5600,Ultra7,155.0,Intel,4.80,Intel,Lenovo,16,DDR5,1920x1200,14.0,1024.0,1.44,28990000
47,5600,Ultra5,125.0,Intel,4.50,Intel,Lenovo,32,DDR5,1920x1200,14.0,512.0,1.44,23490000
69.5,7467,Ultra7,155.0,Intel,4.80,Nvidia,Dell,32,LPDDR5x,1920x1200,14.5,2048.0,1.68,60990000
45,5200,7,1355.0,Intel,5.00,Intel,Lenovo,16,DDR5,1920x1200,14.0,512.0,1.38,21990000
54,5200,5,120.0,Intel,5.00,Integrated,Dell,16,DDR5,1920x1200,16.0,1024.0,,24790000
47,5600,Ultra7,155.0,Intel,4.80,Intel,Lenovo,32,DDR5,2240x1400,14.0,1024.0,1.44,33990000
42,3200,3,1315.0,Intel,4.50,Intel,Asus,8,DDR4,1920x1080,14.0,512.0,1.4,12690000
41,,5,1235.0,Intel,4.40,Intel,Dell,8,DDR4,1920x1080,15.6,512.0,1.85,15590000
57,4800,5,1335.0,Intel,4.60,Intel,Lenovo,16,LPDDR5x,1920x1200,14.0,512.0,1.25,27490000
54,5600,Ultra7,165.0,Intel,4.90,Intel,Dell,16,DDR5,1920x1080,15.6,512.0,1.62,32490000
41,2666,5,1335.0,Intel,4.60,Intel,Dell,8,DDR4,1920x1080,14.0,512.0,,16990000
63,,Ultra5,226.0,Intel,4.50,Intel,ASUS,16,LPDDR5X,2560x1600,14.0,512.0,1.27,28990000
65,,Ultra7,258.0,Intel,4.80,Intel,Acer,32,LPDDR5X,2880x1880,14.0,1024.0,1.26,39990000
65,,Ultra5,226.0,Intel,4.50,Intel,Acer,16,LPDDR5X,2880x1880,14.0,1024.0,1.26,34990000
77,7467,Ultra7,155.0,Intel,4.80,Intel,LG,16,LPDDR5X,2560x1600,16.0,512.0,1.197,32990000
72,7467,Ultra7,155.0,Intel,4.80,Intel,LG,32,LPDDR5X,1920x1200,14.0,1024.0,1.12,31990000
54.7,6400,Ultra5,125.0,Intel,4.30,Intel,Lenovo,16,LPDDR5x,1920x1200,13.3,512.0,1.17,31990000
,6400,Ultra7,155.0,Intel,4.80,Intel,Dell,16,LPDDR5X,1920x1200,16.0,1024.0,2.18,23990000
71,6400,5,8640.0,AMD,4.90,Amd,Lenovo,8,LPDDR5,1920x1200,16.0,512.0,1.99,17990000
72,6400,Ultra5,125.0,Intel,4.50,Intel,LG,16,LPDDR5X,1920x1200,14.0,512.0,1.247,27990000
41,3200,5,1334.0,Intel,4.60,Intel,Dell,16,DDR4,1920x1080,15.6,512.0,1.66,16990000
72,6400,Ultra7,155.0,Intel,4.80,Intel,LG,16,LPDDR5X,1920x1080,15.6,1024.0,1.302,33990000
42,3200,5,1235.0,Intel,4.40,Intel,Dell,8,DDR4,1920x1080,14.0,512.0,,16490000
63,,5,13500.0,Intel,4.70,Intel,ASUS,16,DDR5,1920x1080,14.0,512.0,1.4,16790000
63,,7,13700.0,Intel,5.00,Intel,ASUS,16,DDR5,1920x1080,14.0,512.0,1.4,20390000
75,5600,Ultra5,125.0,Intel,4.50,Nvidia,Lenovo,32,DDR5,3072x1920,14.5,1024.0,1.61,45290000
41,3200,7,150.0,Intel,5.40,Intel,HP,16,DDR4,1920x1080,14.0,1024.0,1.4,24790000
42,,7,1255.0,Intel,4.40,Intel,Asus,16,DDR4,1920x1080,15.6,512.0,1.7,17990000
75,5600,Ultra5,125.0,Intel,4.50,Nvidia,Lenovo,32,DDR5,1920x1200,14.5,1024.0,1.61,40490000
59,6400,5,8640.0,AMD,4.90,Amd,HP,16,LPDDR5,2880x1800,14.0,1024.0,,30390000
70,5200,7,12700.0,Intel,4.70,Nvidia,Lenovo,16,LPDDR5,3072x1920,14.5,512.0,1.45,26990000
56,5600,Ultra7,155.0,Intel,4.80,Intel,HP,16,DDR5,1920x1200,16.0,512.0,1.75,28990000
56,5600,Ultra7,155.0,Intel,4.80,Intel,HP,16,DDR5,1920x1200,14.0,512.0,1.39,32490000
63,,Ultra5,226.0,Intel,4.50,Intel,ASUS,16,LPDDR5X,2560x1600,14.0,1024.0,1.27,29490000
56,5600,Ultra7,155.0,Intel,4.80,Intel,HP,16,DDR5,1920x1200,14.0,512.0,1.39,30990000
90,7467,Ultra7,155.0,Intel,4.80,Nvidia,LG,16,LPDDR5X,2560x1600,17.0,1024.0,1.378,48990000
52.5,5600,Ultra5,125.0,Intel,4.50,Intel,Lenovo,16,DDR5,2240x1400,14.0,512.0,1.38,31990000
,7500,AI9,,AMD,5.00,Amd,MSI,32,LPDDR5x,3840x2400,16.0,1024.0,,40990000
77,7467,Ultra7,155.0,Intel,4.80,Intel,LG,16,LPDDR5X,2560x1600,16.0,512.0,1.397,38990000
54.7,6400,Ultra7,155.0,Intel,4.80,Intel,Lenovo,16,LPDDR5x,1920x1200,13.3,512.0,1.17,40990000
52.5,4266,5,7430.0,AMD,4.30,Amd,Lenovo,16,LPDDR4x,1920x1200,14.0,512.0,1.55,16990000
52.5,4266,7,7730.0,AMD,4.50,Amd,Lenovo,16,LPDDR4x,1920x1200,14.0,512.0,1.55,18990000
56,7500,Ultra7,155.0,Intel,4.80,Intel,HP,16,LPDDR5x,1920x1200,13.3,512.0,,47990000
52.5,5600,Ultra7,155.0,Intel,4.80,Intel,Lenovo,16,DDR5,1920x1200,14.0,512.0,1.36,34490000
1.46,6400,7,8745.0,AMD,4.90,Amd,Lenovo,24,LPDDR5X,2880x1800,14.0,1024.0,,22990000
43,3200,7,150.0,Intel,5.40,Intel,HP,16,DDR4,1920x1080,14.0,512.0,1.52,21990000
41,2666,5,1334.0,Intel,4.60,Intel,Dell,16,DDR4,1920x1080,15.6,512.0,1.62,19290000
41,3200,5,1334.0,Intel,4.60,Intel,Dell,16,DDR4,1920x1080,15.6,512.0,1.62,19290000
75,5600,Ultra7,155.0,Intel,4.80,Nvidia,ASUS,16,DDR5,1920x1080,15.6,1024.0,,28990000
54,,7,1355.0,Intel,5.00,Intel,Dell,16,DDR4,1920x1080,15.6,512.0,1.62,22390000
41,3200,5,1334.0,Intel,4.60,Intel,Dell,8,DDR4,1920x1080,15.6,512.0,1.62,17990000
,7647,Ultra5,125.0,Intel,4.50,Intel,Lenovo,16,LPDDR5x,2560x1600,14.0,512.0,,22990000
41,3200,5,1334.0,Intel,4.60,Intel,Dell,8,DDR4,1920x1080,15.6,512.0,1.62,17990000
59,6400,Ultra7,155.0,Intel,4.80,Intel,HP,16,LPDDR5,2880x1800,14.0,1024.0,,36990000
68,7467,Ultra7,155.0,Intel,4.80,Intel,HP,16,LPDDR5x,2880x1800,14.0,1024.0,1.36,55990000
58,4800,Ultra5,125.0,Intel,4.30,Intel,Acer,16,DDR5,1920x1200,14.0,512.0,1.27,19990000
54.7,6400,Ultra7,155.0,Intel,4.80,Intel,Lenovo,16,LPDDR5x,1920x1200,13.3,512.0,1.17,36690000
58,6400,Ultra5,125.0,Intel,4.30,Intel,Lenovo,16,LPDDR5x,1920x1200,14.0,512.0,1.24,31290000
90,5600,Ultra7,155.0,Intel,4.80,Nvidia,Lenovo,64,DDR5,1920x1200,16.0,2048.0,2.22,72680000
90,5600,Ultra7,155.0,Intel,4.80,Nvidia,Lenovo,32,DDR5,3840x2400,16.0,1024.0,2.22,67770000
90,5600,Ultra7,155.0,Intel,4.80,Nvidia,Lenovo,64,DDR5,1920x1200,16.0,1024.0,2.22,63240000
54.7,6400,Ultra7,155.0,Intel,4.80,Intel,Lenovo,16,LPDDR5x,1920x1200,13.3,1024.0,1.17,42690000
90,5600,7,13700.0,Intel,5.00,Nvidia,Lenovo,64,DDR5,3840x2400,16.0,1024.0,2.2,71560000
90,5600,Ultra7,155.0,Intel,4.80,Nvidia,Lenovo,32,DDR5,1920x1200,16.0,1024.0,2.22,59630000
56,5600,Ultra5,125.0,Intel,4.30,Intel,HP,16,DDR5,1920x1200,13.3,512.0,,23990000
56,5600,Ultra5,125.0,Intel,4.30,Intel,HP,16,DDR5,1920x1200,13.3,512.0,,24990000
56,5600,Ultra5,125.0,Intel,4.30,Intel,HP,16,DDR5,1920x1200,13.3,512.0,,27890000
56,5600,Ultra7,155.0,Intel,4.80,Intel,HP,16,DDR5,1920x1200,13.3,512.0,,30990000
56,5600,Ultra7,155.0,Intel,4.80,Intel,HP,16,DDR5,1920x1200,13.3,512.0,,28390000
72,8533,Ultra7,258.0,Intel,4.80,Intel,ASUS,32,LPDDR5X,2880x1800,14.0,1024.0,,44990000
56,5600,Ultra5,125.0,Intel,4.30,Intel,HP,16,DDR5,1920x1200,13.3,512.0,,28890000
56,5600,Ultra7,155.0,Intel,4.80,Intel,HP,16,DDR5,1920x1200,13.3,512.0,,31990000
56,5600,Ultra7,155.0,Intel,4.80,Intel,HP,16,DDR5,1920x1200,13.3,512.0,,29390000
3,8448,EliteX1E,,Snapdragon,3.4,Qualcomm,Asus,32,LPDDR5X,2880x1620,15.6,1024.0,1.42,34990000
59,6400,Ultra5,125.0,Intel,4.30,Intel,HP,16,LPDDR5,2880x1800,14.0,1024.0,1.34,31290000
65,6400,Ultra7,155.0,Intel,4.80,Intel,Acer,16,LPDDR5X,2880x1800,14.0,512.0,1.32,27490000
54,,5,8640.0,AMD,4.90,Amd,Dell,8,DDR5,1920x1200,14.0,512.0,1.71,16990000
59,6400,Ultra5,125.0,Intel,4.30,Intel,HP,16,LPDDR5,2880x1800,14.0,512.0,1.34,29490000
50,3200,7,5700.0,AMD,4.30,Amd,Acer,8,DDR4,1920x1080,15.6,512.0,1.7,12990000
60,7467,Ultra7,155.0,Intel,4.80,Intel,LG,16,LPDDR5X,1920x1080,15.6,512.0,0.99,37990000
58,4800,7,1255.0,Intel,4.70,Intel,Acer,16,DDR5,1920x1200,16.0,512.0,,16990000
38,3200,5,13420.0,Intel,4.60,Intel,Lenovo,16,DDR4,1920x1080,14.0,512.0,1.43,15730000
71,3200,7,7730.0,AMD,4.50,Amd,Lenovo,32,DDR4,2560x1600,16.0,1024.0,1.7,26490000
47,3200,5,13500.0,Intel,4.70,Intel,Lenovo,32,DDR4,1920x1200,14.0,512.0,1.53,21490000
75,5600,Ultra7,155.0,Intel,4.80,Nvidia,Lenovo,64,DDR5,1920x1200,16.0,1024.0,1.82,55420000
75,5600,Ultra7,155.0,Intel,4.80,Nvidia,Lenovo,32,DDR5,1920x1200,16.0,1024.0,1.82,51800000
75,5600,Ultra7,155.0,Intel,4.80,Nvidia,Lenovo,64,DDR5,1920x1200,16.0,1024.0,1.82,49190000
75,5600,Ultra7,155.0,Intel,4.80,Nvidia,Lenovo,64,DDR5,3840x2400,16.0,2048.0,1.82,69170000
45,5200,7,1355.0,Intel,5.00,Intel,Lenovo,16,DDR5,1920x1200,14.0,512.0,1.38,21990000
75,5600,Ultra7,155.0,Intel,4.80,Nvidia,Lenovo,96,DDR5,3072x1920,14.5,2048.0,1.61,66990000
75,5600,Ultra7,155.0,Intel,4.80,Nvidia,Lenovo,64,DDR5,3072x1920,14.5,1024.0,1.61,59630000
75,5600,Ultra7,155.0,Intel,4.80,Nvidia,Lenovo,32,DDR5,3072x1920,14.5,1024.0,1.61,55990000
41,3200,7,1355.0,Intel,5.00,Intel,HP,16,DDR4,1920x1080,15.6,512.0,1.7,20490000
41,3200,7,1355.0,Intel,5.00,Intel,HP,16,DDR4,1920x1080,15.6,512.0,1.7,19990000
75,5600,Ultra7,155.0,Intel,4.80,Nvidia,Lenovo,64,DDR5,3072x1920,14.5,1024.0,1.61,54990000
85,5600,Ultra5,125.0,Intel,4.50,Intel,Lenovo,32,LPDDR5x,2560x1600,16.0,1024.0,1.9,25990000
41,3200,7,1355.0,Intel,5.00,Intel,HP,16,DDR4,1920x1080,15.6,512.0,1.7,19990000
85,7647,Ultra5,125.0,Intel,4.50,Intel,Lenovo,32,LPDDR5x,3072x1920,14.5,1024.0,1.5,25990000
56,5600,Ultra5,125.0,Intel,4.50,Intel,HP,16,DDR5,1920x1200,16.0,512.0,1.75,28080000
56,5600,Ultra7,155.0,Intel,4.80,Intel,HP,16,DDR5,1920x1200,16.0,512.0,1.75,32990000
41,6400,7,1360.0,Intel,5.00,Intel,Lenovo,16,LPDDR5,1920x1200,13.3,512.0,1.12,39990000
99.5,7467,Ultra7,155.0,Intel,4.80,Intel,Dell,16,LPDDR5x,1920x1200,16.3,512.0,2.13,52990000
41,3200,7,1355.0,Intel,5.00,Intel,HP,16,DDR4,1920x1080,15.6,512.0,1.7,20490000
59,6400,Ultra7,155.0,Intel,4.80,Intel,HP,16,LPDDR5,2880x1800,14.0,1024.0,,34790000
59,6400,Ultra7,155.0,Intel,4.80,Intel,HP,32,LPDDR5,2880x1800,14.0,1024.0,1.34,36590000
99.5,7467,Ultra7,155.0,Intel,4.80,Intel,Dell,16,LPDDR5x,1920x1200,16.3,512.0,2.13,52990000
57,4800,7,1355.0,Intel,5.00,Intel,Lenovo,32,LPDDR5x,2240x1400,14.0,512.0,1.25,35990000
41,2666,3,1305.0,Intel,4.50,Intel,Dell,8,DDR4,1920x1080,15.6,512.0,1.85,13890000
54,4800,7,1360.0,Intel,5.00,Intel,Dell,16,LPDDR5,2560x1600,14.0,512.0,1.5,21990000
41,3200,7,1355.0,Intel,5.00,Intel,HP,16,DDR4,1920x1080,15.6,256.0,1.7,18990000
45,3200,7,7730.0,AMD,4.50,Amd,Lenovo,16,DDR4,1920x1200,14.0,512.0,1.38,19990000
54,5600,7,8840.0,AMD,5.10,Amd,Dell,16,DDR5,2240x1400,14.0,512.0,1.54,18990000
45,5200,5,1335.0,Intel,4.60,Intel,Lenovo,16,DDR5,1920x1200,14.0,512.0,1.38,22340000
60,5200,5,13420.0,Intel,4.60,Intel,Lenovo,16,DDR5,1920x1200,14.0,512.0,1.38,20700000
60,5200,5,13500.0,Intel,4.70,Intel,Lenovo,32,DDR5,1920x1200,14.0,1024.0,1.38,27410000
45,5200,5,1335.0,Intel,4.60,Intel,Lenovo,16,DDR5,1920x1200,14.0,1024.0,1.38,23430000
59,6400,Ultra7,155.0,Intel,4.80,Intel,HP,32,LPDDR5,2880x1800,14.0,1024.0,,36590000
50,3200,5,12500.0,Intel,4.5,Intel,Asus,16,DDR4,2880x1800,14.0,512.0,1.45,17990000
59,6400,5,8640.0,AMD,4.90,Amd,HP,16,LPDDR5,1920x1200,14.0,512.0,1.4,18990000
54,5200,7,150.0,Intel,5.40,Nvidia,Dell,16,DDR5,1920x1200,16.0,1024.0,,28990000
50,3200,9,13900.0,Intel,5.40,Intel,Asus,16,DDR4,2880x1620,15.6,512.0,1.7,24990000
3,8448,EliteX1E,,Snapdragon,3.4,Qualcomm,Asus,32,LPDDR5X,2880x1620,15.6,1024.0,1.42,34990000
54,3200,7,1355.0,Intel,5.00,Intel,Dell,16,DDR4,1920x1080,15.6,1024.0,1.62,23990000
57,6400,7,1360.0,Intel,5.00,Intel,Lenovo,16,DDR5,1920x1200,14.0,512.0,1.48,40990000
41,3200,7,1355.0,Intel,5.00,Intel,HP,16,DDR4,1920x1080,15.6,1024.0,1.7,21490000
41,3200,7,1355.0,Intel,5.00,Intel,HP,32,DDR4,1920x1080,15.6,1024.0,1.7,21990000
69.5,6400,Ultra7,155.0,Intel,4.80,Intel,Dell,16,LPDDR5x,1920x1200,14.5,512.0,1.68,46990000
71,5200,5,13420.0,Intel,4.60,Intel,Lenovo,16,DDR5,1920x1200,16.0,512.0,1.7,20990000
52.5,5600,Ultra7,155.0,Intel,4.80,Intel,Lenovo,16,DDR5,1920x1200,16.0,512.0,,34180000
47,3200,5,13420.0,Intel,4.60,Intel,Lenovo,8,DDR4,1920x1200,16.0,512.0,1.81,20580000
59,6400,7,8840.0,AMD,5.10,Amd,HP,16,LPDDR5,2880x1800,14.0,1024.0,,33990000
58,4800,3,1215.0,Intel,4.40,Intel,Acer,8,DDR5,1920x1200,14.0,256.0,,10490000
71,7467,Ultra5,125.0,Intel,4.30,Intel,Lenovo,16,LPDDR5x,1920x1200,14.0,512.0,1.61,21990000
59,6400,Ultra5,125.0,Intel,4.30,Intel,HP,16,LPDDR5,2880x1800,14.0,1024.0,,31290000
42,3200,7,1355.0,Intel,5.00,Intel,Dell,16,DDR4,1920x1080,14.0,512.0,,27990000
47,3200,7,1355.0,Intel,5.00,Intel,Lenovo,16,DDR4,1920x1200,14.0,512.0,1.43,25990000
50,,5,7530.0,AMD,4.50,Amd,Acer,16,LPDDR4X,1920x1080,14.0,512.0,1.2,18490000
42,3200,5,1235.0,Intel,4.40,Intel,Dell,16,DDR4,1920x1080,15.6,512.0,,19190000
85,5600,Ultra7,155.0,Intel,4.80,Intel,Lenovo,16,DDR5,2560x1600,16.0,512.0,1.9,27990000
85,5600,Ultra7,155.0,Intel,4.80,Intel,Lenovo,32,DDR5,2560x1600,16.0,1024.0,1.9,29990000
71,5600,Ultra5,125.0,Intel,4.50,Intel,Lenovo,16,DDR5,2560x1600,16.0,1024.0,1.7,23990000
60,5600,7,8845.0,AMD,5.10,Amd,Lenovo,16,DDR5,2880x1800,14.0,1024.0,1.38,22990000
60,5600,Ultra5,125.0,Intel,4.50,Intel,Lenovo,16,DDR5,2880x1800,14.0,1024.0,1.38,22990000
71,4800,5,13500.0,Intel,4.70,Intel,Lenovo,16,DDR5,2560x1600,16.0,512.0,1.7,21990000
71,5600,Ultra7,155.0,Intel,4.80,Intel,Lenovo,16,DDR5,2560x1600,16.0,1024.0,1.7,26990000
60,5200,5,13420.0,Intel,4.60,Integrated,Lenovo,16,DDR5,1920x1200,14.0,512.0,1.38,18990000
71,5600,7,8845.0,AMD,5.10,Amd,Lenovo,16,DDR5,2560x1600,16.0,1024.0,1.7,23990000
50,3200,7,13700.0,Intel,5.00,Intel,Asus,16,DDR4,2880x1620,15.6,512.0,1.7,21990000
58,4800,5,1235.0,Intel,4.40,Intel,Acer,16,DDR5,1920x1200,16.0,512.0,,13990000
85,5600,Ultra5,125.0,Intel,4.50,Intel,Lenovo,16,DDR5,2560x1600,16.0,512.0,1.9,22990000
71,4800,5,12500.0,Intel,4.50,Intel,Lenovo,16,DDR5,2560x1600,16.0,512.0,1.7,18990000
57,6400,7,1355.0,Intel,5.00,Intel,Lenovo,16,LPDDR5,3840x2400,14.0,1024.0,1.38,63340000
57,6400,Ultra7,155.0,Intel,4.80,Intel,Lenovo,32,LPDDR5x,1920x1200,14.0,1024.0,1.35,61100000
57,6400,7,1355.0,Intel,5.00,Intel,Lenovo,16,LPDDR5,3840x2400,14.0,512.0,1.38,61880000
57,6400,7,1355.0,Intel,5.00,Intel,Lenovo,32,LPDDR5,3840x2400,14.0,512.0,1.38,63520000
51.5,,7,7840.0,AMD,5.10,Amd,Lenovo,16,LPDDR5x,1920x1200,13.3,512.0,1.29,53150000
41,3200,7,150.0,Intel,5.40,Intel,HP,16,DDR4,1920x1080,15.6,1024.0,1.59,24490000
41,3200,7,150.0,Intel,5.40,Intel,HP,16,DDR4,1920x1080,15.6,512.0,1.59,23490000
57,6400,Ultra7,155.0,Intel,4.80,Intel,Lenovo,32,LPDDR5x,2880x1800,14.0,1024.0,1.35,63440000
41,5600,Ultra7,155.0,Intel,4.80,Intel,HP,16,DDR5,1920x1080,15.6,512.0,1.59,24490000
41,5600,Ultra7,155.0,Intel,4.80,Intel,HP,16,DDR5,1920x1080,15.6,1024.0,1.59,25490000
51.5,,7,7840.0,AMD,5.10,Amd,Lenovo,32,LPDDR5x,1920x1200,13.3,1024.0,1.29,54790000
41,3200,5,120.0,Intel,5.00,Intel,HP,16,DDR4,1920x1080,15.6,1024.0,1.59,20790000
41,5600,Ultra5,125.0,Intel,4.50,Intel,HP,16,DDR5,1920x1080,15.6,1024.0,1.59,21590000
51.5,,7,7840.0,AMD,5.10,Amd,Lenovo,64,LPDDR5x,1920x1200,13.3,1024.0,1.29,60190000
41,3200,5,120.0,Intel,5.00,Intel,HP,16,DDR4,1920x1080,15.6,512.0,1.59,19990000
47,5600,Ultra5,125.0,Intel,4.30,Intel,Lenovo,16,DDR5,1920x1200,14.0,512.0,1.44,22520000
47,5600,Ultra5,125.0,Intel,4.30,Intel,Lenovo,16,DDR5,1920x1200,14.0,1024.0,1.44,23610000
47,5600,Ultra5,125.0,Intel,4.30,Intel,Lenovo,16,DDR5,1920x1200,14.0,512.0,1.44,23790000
47,5600,Ultra5,125.0,Intel,4.50,Intel,Lenovo,32,DDR5,1920x1200,14.0,1024.0,1.44,27230000
47,5600,Ultra5,125.0,Intel,4.30,Intel,Lenovo,32,DDR5,1920x1200,14.0,1024.0,1.44,26680000
47,5600,Ultra5,125.0,Intel,4.30,Intel,Lenovo,16,DDR5,1920x1200,14.0,1024.0,1.44,24890000
46.5,5600,Ultra5,125.0,Intel,4.50,Intel,Lenovo,16,DDR5,1920x1200,14.0,512.0,1.4,24890000
46.5,5600,Ultra5,125.0,Intel,4.50,Intel,Lenovo,32,DDR5,1920x1200,14.0,1024.0,1.4,27790000
47,4800,5,7535.0,AMD,4.55,Amd,Lenovo,16,DDR5,1920x1200,16.0,1024.0,1.81,22890000
47,4800,5,7535.0,AMD,4.55,Amd,Lenovo,16,DDR5,1920x1200,16.0,512.0,1.81,21060000
46.5,5600,Ultra7,155.0,Intel,4.80,Intel,Lenovo,32,DDR5,1920x1200,14.0,1024.0,1.4,32480000
46.5,5600,Ultra5,125.0,Intel,4.30,Intel,Lenovo,16,DDR5,1920x1200,14.0,512.0,1.4,23790000
46.5,5600,Ultra7,155.0,Intel,4.80,Intel,Lenovo,16,DDR5,1920x1200,14.0,512.0,1.4,28500000
46.5,5600,Ultra7,155.0,Intel,4.80,Intel,Lenovo,16,DDR5,1920x1200,14.0,512.0,1.4,29590000
46.5,5600,Ultra7,155.0,Intel,4.80,Intel,Lenovo,32,DDR5,1920x1200,14.0,1024.0,1.4,31390000
47,5600,Ultra5,125.0,Intel,4.50,Intel,Lenovo,16,DDR5,1920x1200,14.0,1024.0,1.44,25430000
46.5,5600,Ultra5,125.0,Intel,4.30,Intel,Lenovo,32,DDR5,1920x1200,14.0,1024.0,1.4,26680000
38,3200,5,13420.0,Intel,4.60,Intel,Lenovo,16,DDR4,1920x1080,15.6,512.0,1.65,16090000
57,6400,7,1360.0,Intel,5.00,Intel,Lenovo,16,DDR5,1920x1200,14.0,512.0,1.48,36990000
57,6400,Ultra7,155.0,Intel,4.80,Intel,Lenovo,32,LPDDR5x,1920x1200,14.0,1024.0,1.09,57370000
46.5,5600,Ultra7,155.0,Intel,4.80,Intel,Lenovo,16,DDR5,1920x1200,14.0,512.0,1.4,33210000
47,5200,7,150.0,Intel,5.40,Integrated,Lenovo,16,DDR5,1920x1080,14.0,512.0,1.37,22980000
57,6400,Ultra7,155.0,Intel,4.80,Intel,Lenovo,16,LPDDR5x,1920x1200,14.0,512.0,1.09,54290000
71,3200,5,7530.0,AMD,4.50,Amd,Lenovo,16,DDR4,2560x1600,16.0,1024.0,1.7,23070000
45,5600,Ultra5,125.0,Intel,4.30,Integrated,Lenovo,16,DDR5,1920x1200,14.0,1024.0,1.38,23980000
45,4800,5,7535.0,AMD,4.55,Amd,Lenovo,16,DDR5,1920x1200,16.0,512.0,1.7,21790000
45,5600,Ultra5,125.0,Intel,4.30,Integrated,Lenovo,16,DDR5,1920x1200,14.0,512.0,1.38,20990000
45,4800,5,7535.0,AMD,4.55,Amd,Lenovo,16,DDR5,1920x1200,16.0,1024.0,1.7,22880000
45,5600,Ultra5,125.0,Intel,4.30,Integrated,Lenovo,16,DDR5,1920x1200,14.0,512.0,1.38,22880000
57,3200,5,1335.0,Intel,4.60,Intel,Lenovo,8,DDR4,1920x1200,14.0,512.0,1.43,21610000
54,4800,5,1340.0,Intel,4.60,Intel,Dell,16,LPDDR5,2560x1600,14.0,512.0,1.5,19990000
57,3200,5,1335.0,Intel,4.60,Intel,Lenovo,16,DDR4,1920x1200,14.0,512.0,1.43,22340000
57,3200,5,1335.0,Intel,4.60,Intel,Lenovo,8,DDR4,1920x1200,14.0,512.0,1.43,20340000
99.5,7467,Ultra9,185.0,Intel,5.10,Nvidia,Dell,64,LPDDR5x,3840x2400,16.3,1024.0,2.13,95990000
99.5,7467,Ultra7,155.0,Intel,4.80,Nvidia,Dell,16,LPDDR5x,3840x2400,16.3,512.0,2.13,68990000
99.5,7467,Ultra9,185.0,Intel,5.10,Nvidia,Dell,32,LPDDR5x,3840x2400,16.3,1024.0,2.13,86990000
99.5,7467,Ultra7,155.0,Intel,4.80,Nvidia,Dell,16,LPDDR5x,3840x2400,16.3,512.0,2.13,68990000
99.5,7467,Ultra9,185.0,Intel,5.10,Nvidia,Dell,32,LPDDR5x,3840x2400,16.3,1024.0,2.13,86990000
99.5,7467,Ultra9,185.0,Intel,5.10,Nvidia,Dell,64,LPDDR5x,3840x2400,16.3,1024.0,2.13,95990000
99.5,7467,Ultra7,155.0,Intel,4.80,Nvidia,Dell,16,LPDDR5x,1920x1200,16.3,1024.0,2.13,60990000
69.5,7467,Ultra7,155.0,Intel,4.80,Nvidia,Dell,32,LPDDR5x,3200x2000,14.5,1024.0,1.68,71990000
69.5,7467,Ultra7,155.0,Intel,4.80,Nvidia,Dell,16,LPDDR5x,1920x1200,14.5,512.0,1.68,53990000
69.5,7467,Ultra7,155.0,Intel,4.80,Nvidia,Dell,64,LPDDR5x,3200x2000,14.5,2048.0,1.68,80990000
69.5,7467,Ultra7,155.0,Intel,4.80,Intel,Dell,32,LPDDR5x,3200x2000,14.5,1024.0,1.68,62990000
72,6400,Ultra7,155.0,Intel,4.80,Intel,LG,16,LPDDR5X,1920x1200,14.0,512.0,1.12,41390000
69.5,6400,Ultra7,155.0,Intel,4.80,Intel,Dell,16,LPDDR5x,1920x1200,14.5,512.0,1.68,46990000
77,7467,Ultra7,155.0,Intel,4.80,Intel,LG,16,LPDDR5X,2560x1600,16.0,512.0,1.199,45490000
58,4800,5,1235.0,Intel,4.40,Intel,Acer,16,DDR5,1920x1200,14.0,512.0,,14990000
99.5,7467,Ultra7,155.0,Intel,4.80,Nvidia,Dell,16,LPDDR5x,1920x1200,16.3,1024.0,2.13,60990000
50,3200,5,13500.0,Intel,4.70,Intel,ASUS,16,DDR4,2880x1620,15.6,512.0,1.64,20990000
54,5200,5,120.0,Intel,5.00,Intel,Dell,16,DDR5,1920x1200,14.0,512.0,1.56,23490000
55,7467,Ultra5,125.0,Intel,4.50,Intel,Dell,16,LPDDR5X,1920x1200,13.4,2048.0,1.19,59990000
54,5200,7,150.0,Intel,5.40,Intel,Dell,16,DDR5,1920x1200,14.0,512.0,1.56,25990000
57,7500,Ultra7,155.0,Intel,4.80,Intel,Lenovo,32,LPDDR5x,1920x1200,14.0,512.0,1.08,56990000
54,5200,5,1334.0,Intel,4.60,Intel,Dell,16,DDR5,1920x1200,16.0,512.0,,24490000
75,7467,,125.0,Intel,4.50,Intel,Asus,8,LPDDR5,1920x1200,14.0,512.0,1.28,19990000
57,7500,Ultra7,155.0,Intel,4.80,Intel,Lenovo,16,LPDDR5x,1920x1200,14.0,512.0,1.08,53490000
75,7467,Ultra7,155.0,Intel,4.80,Intel,Asus,16,LPDDR5X,1920x1200,14.0,1024.0,1.28,25990000
75,7467,Ultra7,155.0,Intel,4.80,Intel,Asus,16,LPDDR5X,3200x2000,16.0,512.0,1.5,29990000
54,5200,7,150.0,Intel,5.40,Nvidia,Dell,16,DDR5,2560x1600,16.0,1024.0,,32790000
65,6400,Ultra5,125.0,Intel,4.50,Intel,Acer,16,LPDDR5x,2880x1800,14.0,512.0,1.37,23990000
63,7467,Ultra7,155.0,Intel,4.80,Intel,Asus,32,LPDDR5x,2880x1800,13.3,1024.0,,44990000
69.5,7467,Ultra7,155.0,Intel,4.80,Nvidia,Dell,64,LPDDR5X,3200x2000,14.5,1024.0,1.74,78990000
65,6400,Ultra7,155.0,Intel,4.80,Intel,Acer,16,LPDDR5x,2880x1800,14.0,512.0,1.37,26990000
54,5200,5,120.0,Intel,5.00,Intel,Dell,16,DDR5,1920x1200,14.0,1024.0,1.56,24990000
68,6400,Ultra5,125.0,Intel,4.30,Intel,HP,16,LPDDR5,1920x1200,16.0,512.0,1.87,20990000
54,5200,7,150.0,Intel,5.40,Nvidia,Dell,16,DDR5,2240x1400,14.0,1024.0,1.56,29990000
55,7467,Ultra5,125.0,Intel,4.50,Intel,Dell,16,LPDDR5X,1920x1200,13.4,1024.0,1.19,52990000
75,6400,Ultra7,155.0,Intel,4.80,Intel,MSI,32,LPDDR5,2880x1800,13.3,1024.0,,33990000
50,4800,5,120.0,Intel,5.00,Intel,Acer,16,LPDDR5,1920x1080,15.6,512.0,1.78,15990000
50,3200,5,13500.0,Intel,4.7,Intel,Asus,16,DDR4,2880x1800,14.0,512.0,1.45,20990000
42,3200,3,1315.0,Intel,4.50,Intel,Asus,8,DDR4,1920x1080,15.6,256.0,1.69,11990000
41,,5,1335.0,Intel,4.40,Intel,Lenovo,16,,1920x1200,13.3,512.0,1.12,30990000
42,3200,5,1355.0,Intel,4.60,Intel,Asus,16,DDR4,1920x1080,15.6,512.0,1.69,16290000
54,3200,7,1355.0,Intel,5.00,Intel,Dell,16,DDR4,1920x1080,15.6,512.0,1.62,22990000
63,,7,1355.0,Intel,5.10,Intel,Asus,32,LPDDR5,2880x1800,14.0,1024.0,0.99,55990000
47,4800,7,13620.0,Intel,4.90,Intel,Lenovo,16,LPDDR5,1920x1080,14.0,512.0,1.37,18490000
75,7467,Ultra9,185.0,Intel,5.10,Intel,Asus,32,LPDDR5X,2880x1800,14.0,1024.0,,59990000
63,,7,1355.0,Intel,5.10,Intel,Asus,16,LPDDR5,2880x1800,14.0,1024.0,0.99,49990000
39.3,3200,7,13700.0,Intel,5.00,Intel,MSI,16,DDR4,1920x1080,15.6,1024.0,1.8,22490000
41,2666,5,1334.0,Intel,4.60,Intel,Dell,8,DDR4,1920x1080,15.6,512.0,1.85,17990000
47,3200,5,1335.0,Intel,4.60,Intel,Lenovo,8,DDR4,1920x1200,16.0,512.0,1.81,19990000
57,7467,Ultra5,125.0,Intel,4.50,Intel,Lenovo,16,LPDDR5x,2048x1280,16.0,512.0,1.82,23690000
39.3,3200,7,13700.0,Intel,5.00,Intel,MSI,16,DDR4,1920x1200,14.0,1024.0,1.6,21990000
57,7467,Ultra7,155.0,Intel,4.80,Intel,Lenovo,32,LPDDR5x,1920x1200,14.0,1024.0,1.46,28690000
56,4800,7,13700.0,Intel,5.00,Intel,Acer,32,LPDDR5,2560x1600,14.0,1024.0,1.2,40990000
47,3200,7,1355.0,Intel,5.00,Intel,Lenovo,16,DDR4,1920x1200,14.0,512.0,1.43,25690000
57,3200,7,13700.0,Intel,5.00,Intel,Lenovo,32,DDR4,1920x1200,16.0,1024.0,1.81,29690000
75,7467,Ultra7,155.0,Intel,4.80,Intel,Lenovo,16,LPDDR5x,2880x1800,14.0,1024.0,1.32,47990000
51,3200,7,1355.0,Intel,5.00,Intel,HP,16,DDR4,1920x1080,14.0,512.0,1.37,26090000
57,3200,7,13700.0,Intel,5.00,Intel,Lenovo,32,DDR4,1920x1200,14.0,1024.0,1.43,30990000
51,3200,5,1335.0,Intel,4.60,Intel,HP,8,DDR4,1920x1080,14.0,256.0,1.37,20590000
75,7467,Ultra7,155.0,Intel,4.80,Intel,Lenovo,32,LPDDR5x,2880x1800,13.3,1024.0,1.34,66990000
42,3200,7,1255.0,Intel,4.70,Intel,Asus,16,DDR4,1920x1080,14.0,512.0,1.4,17990000
42,3200,5,1235.0,Intel,4.40,Intel,Asus,16,DDR4,1920x1080,15.6,512.0,1.7,16490000
42,3200,3,1215.0,Intel,4.40,Intel,Asus,8,DDR4,1920x1080,14.0,512.0,1.4,11990000
84,7467,Ultra7,155.0,Intel,4.80,Nvidia,Lenovo,16,LPDDR5x,2048x1280,16.0,512.0,1.91,34990000
52.5,,7,1360.0,Intel,5.00,Nvidia,Lenovo,32,LPDDR5x,1920x1200,16.0,512.0,1.7,41340000
75,7467,Ultra5,125.0,Intel,4.50,Intel,Asus,16,LPDDR5X,2880x1800,14.0,1024.0,1.3,26990000
40,4800,3,,Intel,3.80,Intel,Acer,8,LPDDR5,1920x1080,15.6,512.0,1.7,10990000
51,3200,5,1335.0,Intel,4.60,Intel,HP,16,DDR4,1920x1080,14.0,512.0,1.37,22990000
50,4800,5,13420.0,Intel,4.60,Intel,Acer,16,LPDDR5,1920x1080,15.6,512.0,1.7,17490000
50,4800,7,1355.0,Intel,5.00,Intel,Acer,16,LPDDR5,1920x1080,15.6,1024.0,1.7,20490000
50,4800,7,13620.0,Intel,4.90,Intel,Acer,16,LPDDR5,1920x1080,15.6,512.0,1.7,20990000
76,4800,7,13700.0,Intel,5.00,Nvidia,Acer,32,LPDDR5,2880x1800,14.5,1024.0,1.5,42990000
50,6400,5,1335.0,Intel,4.60,Intel,Acer,8,LPDDR5,1920x1200,14.0,512.0,1.5,15990000
41,3200,5,1334.0,Intel,4.60,Intel,HP,16,DDR4,1920x1080,15.6,512.0,1.59,19590000
41,3200,5,1335.0,Intel,4.60,Intel,HP,8,DDR4,1920x1080,15.6,512.0,1.59,18390000
41,3200,5,1335.0,Intel,4.60,Intel,HP,16,DDR4,1920x1080,14.0,512.0,1.47,19590000
51,3200,3,1315.0,Intel,4.50,Intel,HP,8,DDR4,1920x1080,15.6,256.0,1.78,15590000
75,7467,Ultra7,155.0,Intel,4.80,Intel,Asus,32,LPDDR5X,2880x1800,14.0,1024.0,,34990000
42,3200,7,1355.0,Intel,5.00,Intel,HP,8,DDR4,1920x1080,13.3,512.0,1.28,26790000
75,7467,Ultra5,125.0,Intel,4.50,Intel,Asus,16,LPDDR5X,2880x1800,14.0,512.0,,28990000
41,,5,1335.0,Intel,4.60,Intel,Dell,16,DDR4,1920x1080,14.0,512.0,1.6,18990000
42,3200,5,1335.0,Intel,4.60,Intel,HP,16,DDR4,1920x1080,13.3,512.0,1.28,23590000
51,3200,7,1355.0,Intel,5.00,Intel,HP,8,DDR4,1920x1080,15.6,512.0,1.78,25890000
51,3200,5,1335.0,Intel,4.60,Intel,HP,8,DDR4,1920x1080,15.6,512.0,1.78,21590000
66,,7,1255.0,Intel,4.70,Intel,Asus,16,LPDDR5,1920x1080,14.0,1024.0,1.01,33990000
42,3200,7,1355.0,Intel,5.00,Intel,HP,16,DDR4,1920x1080,13.3,512.0,1.28,27490000
47,3200,5,1335.0,Intel,4.60,Intel,Lenovo,16,DDR4,1920x1200,14.0,512.0,1.53,21590000
42,3200,7,1355.0,Intel,5.00,Intel,HP,16,DDR4,1920x1080,13.3,512.0,1.28,27790000
42,3200,5,1335.0,Intel,4.60,Intel,HP,16,DDR4,1920x1080,13.3,512.0,1.28,24390000
84,,5,1340.0,Intel,4.60,Intel,Asus,16,DDR5,3840x2400,16.0,512.0,1.5,27490000
42,3200,5,1335.0,Intel,4.60,Intel,HP,8,DDR4,1920x1080,13.3,512.0,1.28,22790000
42,3200,5,1235.0,Intel,4.40,Intel,Asus,8,DDR4,1920x1080,15.6,512.0,1.69,14444000
42,3200,5,1235.0,Intel,4.40,Intel,Asus,8,DDR4,1920x1080,15.6,256.0,1.69,15990000
42,3200,5,1355.0,Intel,4.60,Intel,Asus,8,DDR4,1920x1080,15.6,512.0,1.69,15490000
39.3,5600,5,1355.0,Intel,4.60,Intel,Lenovo,16,DDR5,1920x1200,14.0,512.0,1.36,29490000
57,4800,5,1355.0,Intel,4.60,Intel,Lenovo,16,LPDDR5x,2240x1400,14.0,512.0,1.25,36700000
66,4266,5,1230.0,Intel,4.40,Intel,HP,8,LPDDR4x,2880x1800,13.3,512.0,,28790000
60,5200,5,13500.0,Intel,4.70,Intel,Lenovo,16,DDR5,1920x1200,14.0,512.0,1.38,24520000
46.5,3200,5,1340.0,Intel,4.60,Intel,Lenovo,16,DDR4,1920x1080,15.6,512.0,1.77,23890000
38,3200,3,1315.0,Intel,4.50,Intel,Lenovo,8,DDR4,1920x1080,14.0,512.0,1.43,13690000
41,4800,7,1355.0,Intel,5.00,Intel,Lenovo,16,LPDDR5,1920x1200,13.3,512.0,1.12,38890000
45,5200,5,1335.0,Intel,4.60,Intel,Lenovo,16,DDR5,1920x1200,14.0,512.0,1.38,20910000
56.6,4800,5,12450.0,Intel,4.40,Intel,Lenovo,16,LPDDR5,1920x1200,14.0,512.0,1.46,16990000
50,4800,9,13900.0,Intel,5.40,Intel,Acer,16,LPDDR5,1920x1080,15.6,512.0,1.7,23990000
65,,7,13700.0,Intel,5.00,Intel,Acer,16,LPDDR5,2880x1800,14.0,512.0,1.2,28690000
50,,3,1305.0,Intel,4.50,Intel,Acer,8,LPDDR5,1920x1080,15.6,512.0,1.7,12990000
42,3200,5,1335.0,Intel,4.60,Intel,Dell,8,DDR4,1920x1080,15.6,256.0,,19990000
57,4800,5,1335.0,Intel,4.60,Intel,Lenovo,16,LPDDR5x,2240x1400,14.0,512.0,1.25,30490000
54,3200,5,1335.0,Intel,4.60,Nvidia,Dell,16,DDR4,1920x1080,15.6,512.0,1.62,21490000
47,4800,5,12450.0,Intel,4.40,Intel,Lenovo,16,LPDDR5,1920x1080,14.0,1024.0,1.37,16990000
57,6400,7,12700.0,Intel,4.70,Intel,Acer,16,LPDDR5,2880x1800,14.0,1024.0,1.4,34790000
38,3200,7,1355.0,Intel,5.00,Intel,Lenovo,8,DDR4,1920x1080,14.0,512.0,1.43,18490000
38,3200,3,1315.0,Intel,4.50,Intel,Lenovo,8,DDR4,1920x1080,15.6,256.0,1.65,11930000
38,3200,7,1355.0,Intel,5.00,Intel,Lenovo,8,DDR4,1920x1080,14.0,512.0,1.43,19710000
38,3200,3,1315.0,Intel,4.50,Intel,Lenovo,8,DDR4,1920x1080,15.6,256.0,1.65,13130000
50,,5,7530.0,AMD,4.50,Amd,Acer,16,LPDDR4X,1920x1080,14.0,1024.0,1.2,19490000
54,4266,5,7530.0,AMD,4.50,Amd,Dell,8,LPDDR4x,1920x1200,16.0,512.0,,17990000
41,2666,5,1335.0,Intel,4.60,Nvidia,Dell,8,DDR4,1920x1080,14.0,512.0,1.6,20990000
54,4800,5,1335.0,Intel,4.60,Intel,Dell,8,LPDDR5,1920x1080,16.0,512.0,,22990000
50,5200,7,1355.0,Intel,5.00,Intel,Acer,16,LPDDR5,1920x1200,14.0,512.0,1.6,24590000
50,4800,7,1355.0,Intel,5.00,Intel,Acer,16,LPDDR5,1920x1080,15.6,512.0,1.7,19990000
65,5200,7,13700.0,Intel,5.00,Intel,Lenovo,16,LPDDR5x,1920x1200,14.0,512.0,1.35,26890000
50,3200,5,13420.0,Intel,4.60,Nvidia,Acer,8,DDR4,1920x1080,15.6,512.0,1.7,20490000
50,5200,5,1335.0,Intel,4.60,Intel,Acer,16,LPDDR5,1920x1200,14.0,512.0,1.6,20990000
39.3,5200,7,1360.0,Intel,5.00,Intel,Lenovo,16,DDR5,1920x1200,14.0,512.0,1.4,34990000
,5200,3,,Intel,3.80,Intel,Acer,8,LPDDR5,1920x1080,14.0,512.0,,10790000
50,6400,7,1355.0,Intel,5.00,Intel,Acer,16,LPDDR5,1920x1200,14.0,512.0,1.5,19990000
41,3200,5,1335.0,Intel,4.60,Intel,Dell,8,DDR4,1920x1080,15.6,256.0,1.66,17990000
54,4800,5,1340.0,Intel,4.60,Nvidia,Dell,16,LPDDR5,2560x1600,14.0,512.0,1.5,29290000
41,3200,3,,Intel,3.80,Intel,HP,8,DDR4,1920x1080,14.0,256.0,1.47,11590000
38,3200,3,1315.0,Intel,4.50,Intel,Lenovo,8,DDR4,1920x1080,15.6,512.0,1.65,13650000
41,3200,5,1335.0,Intel,4.60,Intel,HP,16,DDR4,1920x1080,15.6,512.0,1.59,19590000
41,3200,7,1355.0,Intel,5.00,Intel,HP,16,DDR4,1920x1080,15.6,512.0,1.59,22490000
41,3200,7,1355.0,Intel,5.00,Intel,HP,8,DDR4,1920x1080,15.6,512.0,1.59,21690000
38,3200,3,1315.0,Intel,4.50,Intel,Lenovo,8,DDR4,1920x1080,15.6,512.0,1.65,12430000
41,,3,,Intel,3.80,Intel,HP,4,DDR4,1920x1080,14.0,256.0,1.47,10990000
66,4266,7,1355.0,Intel,5.00,Intel,HP,16,LPDDR4x,3000x2000,13.5,1024.0,1.36,49990000
41,3200,7,1355.0,Intel,5.00,Nvidia,HP,16,DDR4,1920x1080,15.6,512.0,1.74,26590000
42,3200,3,1215.0,Intel,4.40,Intel,Asus,8,DDR4,1920x1080,15.6,512.0,1.7,12990000
51,3200,5,1340.0,Intel,4.60,Intel,HP,8,DDR4,1920x1080,14.0,512.0,1.37,22690000
41,3200,5,1335.0,Intel,4.60,Intel,HP,16,DDR4,1920x1080,15.6,512.0,1.74,21290000
41,3200,3,1215.0,Intel,4.40,Intel,HP,8,DDR4,1920x1080,14.0,512.0,1.46,13390000
41,3200,5,1335.0,Intel,4.60,Intel,HP,16,DDR4,1920x1080,14.0,512.0,1.4,19590000
,4800,5,1335.0,Intel,4.60,Intel,Dell,8,LPDDR5,1920x1200,14.0,512.0,1.6,24990000
38,,7,1355.0,Intel,5.00,Intel,Lenovo,16,DDR4,1920x1080,14.0,512.0,1.43,19790000
47,3200,5,7530.0,AMD,4.50,Amd,Lenovo,8,DDR4,1920x1080,14.0,512.0,1.17,16990000
47,3200,7,1355.0,Intel,5.00,Intel,Lenovo,16,DDR4,1920x1200,14.0,512.0,1.43,25390000
51,3200,3,1315.0,Intel,4.50,Intel,HP,8,DDR4,1920x1080,14.0,256.0,1.38,16990000
41,3200,3,1215.0,Intel,4.40,Intel,HP,8,DDR4,1920x1080,14.0,256.0,1.46,12590000
51,3200,5,1335.0,Intel,4.60,Intel,HP,8,DDR4,1920x1080,14.0,512.0,1.37,21490000
51,3200,5,1335.0,Intel,4.60,Intel,HP,16,DDR4,1920x1080,14.0,512.0,1.37,21890000
51,3200,5,1335.0,Intel,4.60,Intel,HP,8,DDR4,1920x1080,14.0,256.0,,20590000
51,3200,7,1360.0,Intel,5.00,Intel,HP,16,DDR4,1920x1080,14.0,512.0,1.37,27490000
51,6400,7,1355.0,Intel,5.00,Intel,HP,16,LPDDR5,1920x1200,14.0,1024.0,1.21,48990000
47,3200,7,1355.0,Intel,5.00,Intel,Lenovo,16,DDR4,1920x1200,16.0,512.0,1.97,25690000
41,3200,5,1335.0,Intel,4.60,Nvidia,HP,16,DDR4,1920x1080,15.6,512.0,1.74,22290000
41,3200,3,1315.0,Intel,4.50,Intel,HP,8,DDR4,1920x1080,15.6,256.0,1.74,15290000
41,3200,3,1315.0,Intel,4.50,Intel,HP,8,DDR4,1920x1080,15.6,256.0,1.74,15290000
41,3200,5,1335.0,Intel,4.60,Intel,HP,8,DDR4,1920x1080,15.6,512.0,1.74,19990000
90,,7,1360.0,Intel,5.00,Nvidia,LG,16,LPDDR5,2560x1600,16.0,512.0,1.299,39990000
41,2666,3,1305.0,Intel,4.50,Intel,Dell,8,DDR4,1920x1080,15.6,512.0,1.85,13890000
42,5500,5,7520.0,AMD,4.30,Amd,Asus,16,LPDDR5,1920x1080,14.0,512.0,1.38,14490000
42,,5,7520.0,AMD,4.30,Amd,Asus,16,LPDDR5,1920x1080,15.6,512.0,1.8,14490000
41,2666,5,1335.0,Intel,4.60,Intel,Dell,8,DDR4,1920x1080,15.6,512.0,1.85,17990000
41,2666,5,1335.0,Intel,4.60,Intel,Dell,8,DDR4,1920x1080,14.0,512.0,1.6,17690000
43,3200,7,1355.0,Intel,5.0,Intel,HP,16,DDR4,1920x1080,14.0,1024.0,1.52,26990000
3,4800,3,1315.0,Intel,4.50,Intel,Acer,8,DDR5,1920x1200,14.0,512.0,1.5,12990000
40,5200,3,,Intel,3.80,Intel,Acer,8,DDR5,1920x1080,14.0,512.0,1.4,11790000
40,5200,5,7520.0,AMD,4.30,Amd,Acer,8,DDR5,1920x1080,14.0,512.0,1.4,13290000
54,4800,7,1360.0,Intel,5.00,Nvidia,Dell,16,LPDDR5,1920x1200,16.0,512.0,1.85,31990000
56,4267,5,1240.0,Intel,4.40,Intel,Acer,16,LPDDR4X,2560x1440,14.0,512.0,1.25,24790000
50,,5,1235.0,Intel,4.40,Intel,Acer,8,DDR4,1920x1080,14.0,512.0,1.4,19990000
45,3200,7,1255.0,Intel,4.70,Intel,Lenovo,8,DDR4,1920x1080,14.0,256.0,1.64,23790000
,3200,7,1255.0,Intel,4.70,Intel,MSI,8,DDR4,1920x1080,14.0,512.0,,20490000
40,,5,1235.0,Intel,4.40,Intel,Acer,8,DDR4,1920x1080,15.6,512.0,1.7,17990000
43,3200,5,1235.0,Intel,4.40,Intel,HP,8,DDR4,1920x1080,14.0,256.0,1.41,18690000
43,3200,5,1235.0,Intel,4.40,Intel,HP,8,DDR4,1920x1080,14.0,256.0,1.41,18690000
43,3200,5,1235.0,Intel,4.40,Intel,HP,8,DDR4,1920x1080,14.0,512.0,1.41,19690000
42,3200,5,1335.0,Intel,4.60,Intel,Asus,16,DDR4,1920x1080,15.6,512.0,1.7,18490000
,4800,7,13700.0,Intel,5.00,Nvidia,MSI,16,LPDDR5,2560x1600,16.0,1024.0,,47990000
75,4800,7,1360.0,Intel,5.00,Intel,MSI,16,LPDDR5,1920x1200,13.3,1024.0,,33990000
50,3200,5,13500.0,Intel,4.7,Intel,Asus,16,DDR4,2880x1800,14.0,512.0,1.45,19790000
42,3200,3,1315.0,Intel,4.50,Intel,Asus,8,DDR4,1920x1080,15.6,512.0,1.7,13690000
63,3200,9,13900.0,Intel,5.40,Intel,ASUS,16,DDR4,2880x1800,14.0,512.0,1.4,26990000
80,,5,1340.0,Intel,4.60,Intel,LG,16,LPDDR5,3200x2000,16.0,512.0,1.25,43990000
47,3200,5,1340.0,Intel,4.60,Intel,Lenovo,16,DDR4,1920x1200,16.0,512.0,1.97,23490000
41,3200,7,1355.0,Intel,5.00,Intel,HP,16,DDR4,1920x1080,15.6,512.0,1.74,25290000
47,3200,5,1335.0,Intel,4.60,Intel,Lenovo,16,DDR4,1920x1200,14.0,512.0,1.53,22190000
41,3200,5,1335.0,Intel,4.60,Intel,HP,16,DDR4,1920x1080,15.6,512.0,1.74,21290000
52.5,5200,5,1335.0,Intel,4.60,Intel,Lenovo,16,DDR5,1920x1200,16.0,512.0,,30060000
41,3200,7,1355.0,Intel,5.00,Intel,HP,8,DDR4,1920x1080,15.6,512.0,1.74,23990000
41,2666,5,1335.0,Intel,4.60,Intel,Dell,8,DDR4,1920x1080,15.6,512.0,1.66,18990000
52.5,,7,1360.0,Intel,5.00,Nvidia,Lenovo,16,LPDDR5x,1920x1200,16.0,512.0,1.7,40280000
46.5,3200,7,1360.0,Intel,5.00,Intel,Lenovo,16,DDR4,1920x1080,14.0,512.0,1.4,28500000
52.5,,5,1340.0,Intel,4.60,Nvidia,Lenovo,16,LPDDR5x,2240x1400,14.0,512.0,1.34,37180000
41,3200,7,1355.0,Intel,5.00,Intel,HP,16,DDR4,1920x1080,14.0,512.0,1.4,21990000
47,4800,5,12450.0,Intel,4.40,Intel,Lenovo,16,LPDDR5,1920x1080,14.0,512.0,1.37,15990000
57,4800,7,1355.0,Intel,5.00,Intel,Lenovo,16,LPDDR5x,2240x1400,14.0,512.0,1.25,34762000
41,3200,7,1355.0,Intel,5.00,Intel,HP,8,DDR4,1920x1080,14.0,512.0,1.47,20990000
41,3200,3,1315.0,Intel,4.50,Intel,HP,8,DDR4,1920x1080,14.0,256.0,1.47,12990000
41,3200,5,1335.0,Intel,4.60,Intel,HP,8,DDR4,1920x1080,14.0,256.0,1.47,17990000
41,3200,7,1355.0,Intel,5.00,Intel,HP,16,DDR4,1920x1080,15.6,512.0,1.74,25290000
54,4800,7,1360.0,Intel,5.00,Nvidia,Dell,16,LPDDR5,1920x1200,16.0,512.0,,33390000
50,4800,5,1335.0,Intel,4.60,Intel,Acer,16,LPDDR5,1920x1080,15.6,512.0,1.7,16990000
50,,7,12650.0,Intel,4.70,Intel,Acer,16,DDR4,1920x1080,15.6,512.0,2.1,20490000
50,6400,5,1335.0,Intel,4.60,Intel,Acer,16,LPDDR5,1920x1200,14.0,512.0,1.5,16990000
41,2666,3,1305.0,Intel,4.50,Intel,Dell,8,DDR4,1920x1080,15.6,512.0,1.66,15990000
54,3200,7,1355.0,Intel,5.00,Nvidia,Dell,8,DDR4,1920x1080,15.6,512.0,1.66,24490000
53,3200,5,12450.0,Intel,4.40,Intel,Acer,16,DDR4,1920x1080,15.6,512.0,2.1,16990000
,4800,7,1355.0,Intel,5.00,Intel,Dell,16,LPDDR5,1920x1080,13.3,512.0,,37990000
42,3200,5,1335.0,Intel,4.60,Intel,Asus,8,DDR4,1920x1080,14.0,512.0,1.49,15490000
42,3200,7,1355.0,Intel,5.00,Intel,Asus,8,DDR4,1920x1080,14.0,512.0,1.49,18490000
42,3200,7,1355.0,Intel,5.00,Intel,Asus,16,DDR4,1920x1080,14.0,512.0,1.49,19290000
55,,7,1355.0,Intel,5.00,Intel,HP,16,LPDDR5,1920x1080,15.6,512.0,1.91,24990000
64,4800,7,13620.0,Intel,4.90,Intel,Dell,16,LPDDR5,2560x1600,14.0,1024.0,1.66,23990000
60,6000,7,1365.0,Intel,5.20,Intel,Dell,16,LPDDR5,2560x1600,14.0,512.0,1.53,66100000
51,3200,7,1355.0,Intel,5.00,Intel,HP,16,DDR4,1920x1080,14.0,512.0,1.41,27490000
51,6400,7,1355.0,Intel,5.00,Intel,HP,16,LPDDR5,1920x1200,14.0,512.0,1.21,47990000
57,4800,7,1355.0,Intel,5.00,Intel,Lenovo,32,LPDDR5x,1920x1200,14.0,512.0,1.48,49990000
51,3200,5,1335.0,Intel,4.60,Intel,HP,16,DDR4,1920x1080,14.0,512.0,1.41,24590000
54,3200,7,1355.0,Intel,5.00,Intel,Dell,16,DDR4,1920x1080,15.6,512.0,1.62,22990000
51,3200,5,1335.0,Intel,4.60,Intel,HP,8,DDR4,1920x1080,14.0,512.0,1.37,21490000
41,3200,7,1355.0,Intel,5.00,Intel,HP,16,DDR4,1920x1080,14.0,512.0,1.47,21990000
41,3200,7,1355.0,Intel,5.00,Intel,HP,8,DDR4,1920x1080,14.0,512.0,1.47,20990000
52.5,,7,1360.0,Intel,5.00,Nvidia,Lenovo,32,LPDDR5x,1920x1200,16.0,1024.0,1.7,42770000
57,3200,5,13500.0,Intel,4.70,Intel,Lenovo,16,DDR4,1920x1200,16.0,512.0,1.81,21990000
90,5600,7,13700.0,Intel,5.00,Nvidia,Lenovo,32,DDR5,1920x1200,16.0,1024.0,2.2,55670000
41,3200,5,1335.0,Intel,4.60,Intel,HP,8,DDR4,1920x1080,14.0,512.0,1.47,18790000
39.3,5600,7,1355.0,Intel,5.00,Intel,Lenovo,16,DDR5,1920x1200,14.0,512.0,1.32,34990000
51,3200,3,1315.0,Intel,4.50,Intel,HP,8,DDR4,1920x1080,15.6,512.0,1.78,16390000
57,7467,Ultra5,125.0,Intel,4.50,Intel,Lenovo,16,LPDDR5x,1920x1200,14.0,512.0,1.48,22690000
57,7467,Ultra7,155.0,Intel,4.80,Intel,Lenovo,32,LPDDR5x,2048x1280,16.0,512.0,1.82,27690000
75,7467,Ultra9,185.0,Intel,5.10,Intel,Asus,32,LPDDR5X,2880x1800,14.0,1024.0,,36990000
57,7467,Ultra7,155.0,Intel,4.80,Intel,Lenovo,32,LPDDR5x,1920x1200,14.0,512.0,1.48,27690000
65,7467,Ultra7,155.0,Intel,4.80,Intel,Lenovo,32,LPDDR5x,1920x1200,14.0,512.0,1.4,30990000
41,3200,5,1335.0,Intel,4.60,Intel,Dell,16,DDR4,1920x1080,15.6,512.0,1.66,19990000
99,6400,Ultra9,185.0,Intel,5.10,Nvidia,MSI,32,LPDDR5,3840x2400,16.0,1024.0,1.6,55990000
71,3200,5,7530.0,AMD,4.50,Amd,Lenovo,16,DDR4,2560x1600,16.0,512.0,1.7,21970000
50,3200,7,7730.0,AMD,4.50,Amd,ASUS,16,DDR4,1920x1080,15.6,512.0,1.6,18990000
41,3200,3,,Intel,3.80,Intel,HP,16,DDR4,1366x768,14.0,512.0,1.47,11690000
51,3200,5,1340.0,Intel,4.60,Intel,HP,16,DDR4,1920x1080,15.6,512.0,1.78,23590000
45,3200,7,1255.0,Intel,4.70,Intel,Lenovo,16,DDR4,1920x1080,14.0,512.0,1.64,20990000
68,6400,7,1355.0,Intel,5.00,Intel,HP,16,LPDDR5,1920x1280,13.5,1024.0,0.99,50990000
41,3200,3,1215.0,Intel,4.40,Intel,HP,8,DDR4,1920x1080,15.6,512.0,1.7,13390000
39.3,5200,7,1360.0,Intel,5.00,Intel,Lenovo,16,DDR5,1920x1200,14.0,512.0,1.36,37990000
,4800,5,1340.0,Intel,4.60,Intel,Dell,16,LPDDR5,1920x1200,14.0,512.0,1.5,21990000
71,7467,Ultra7,155.0,Intel,4.80,Intel,Lenovo,16,LPDDR5x,1920x1200,14.0,512.0,1.49,30990000
57,5200,5,120.0,Intel,5.00,Integrated,Lenovo,32,LPDDR5x,1920x1200,15.3,512.0,1.79,22690000
59,6400,Ultra7,155.0,Intel,4.80,Intel,HP,16,LPDDR5,1920x1200,14.0,1024.0,1.4,26990000
45,3200,5,7530.0,AMD,4.50,Amd,Lenovo,16,DDR4,1920x1200,14.0,512.0,1.38,16990000
54,5200,5,120.0,Intel,5.00,Nvidia,Dell,16,DDR5,2240x1400,14.0,512.0,1.56,27190000
54,5200,5,120.0,Intel,5.00,Intel,Dell,16,DDR5,1920x1200,16.0,1024.0,,24790000
60,5200,5,13500.0,Intel,4.70,Integrated,Lenovo,16,DDR5,1920x1200,14.0,512.0,1.38,23250000
,,5,1334.0,Intel,4.60,Intel,Dell,8,DDR5,1920x1200,14.0,512.0,1.67,20490000
55,7467,Ultra7,155.0,Intel,4.80,Intel,Dell,32,LPDDR5X,1920x1200,13.4,512.0,1.19,38990000
36.7,3200,5,1155.0,Intel,4.50,Intel,Acer,8,DDR4,1920x1080,15.6,512.0,,12990000
54,5200,7,150.0,Intel,5.40,Intel,Dell,16,DDR5,1920x1200,16.0,1024.0,,27690000
38,5500,5,7520.0,AMD,4.30,Amd,Lenovo,16,LPDDR5,1920x1080,15.6,512.0,1.65,14350000
71,3200,7,7730.0,AMD,4.50,Amd,Lenovo,16,DDR4,2560x1600,16.0,512.0,1.7,22990000
63,5600,Ultra7,155.0,Intel,4.80,Intel,Asus,16,DDR5,1920x1200,14.0,512.0,1.4,31990000
73,7467,Ultra7,155.0,Intel,4.80,Nvidia,Lenovo,32,LPDDR5x,2880x1800,14.5,1024.0,1.59,47290000
55,7467,Ultra7,155.0,Intel,4.80,Intel,Dell,16,LPDDR5X,1920x1200,13.4,512.0,1.19,35990000
50,,7,5700.0,AMD,4.30,Amd,Acer,16,LPDDR4X,1920x1200,14.0,512.0,1.4,13990000
57,7467,Ultra5,125.0,Intel,4.50,Intel,Lenovo,16,LPDDR5x,1920x1200,14.0,1024.0,1.48,23690000
47,3200,5,13420.0,Intel,4.60,Intel,Lenovo,16,DDR4,1920x1200,14.0,512.0,1.43,19670000
47,3200,5,13420.0,Intel,4.60,Intel,Lenovo,8,DDR4,1920x1200,14.0,512.0,1.43,20340000
47,3200,5,13420.0,Intel,4.60,Intel,Lenovo,16,DDR4,1920x1200,14.0,512.0,1.43,21320000
47,3200,5,13420.0,Intel,4.60,Intel,Lenovo,16,DDR4,1920x1200,14.0,1024.0,1.43,22160000
47,5600,Ultra5,125.0,Intel,4.50,Intel,Lenovo,16,DDR5,1920x1200,14.0,512.0,1.44,23070000
47,5600,Ultra5,125.0,Intel,4.50,Intel,Lenovo,16,DDR5,1920x1200,14.0,512.0,1.44,24340000
47,5600,Ultra5,125.0,Intel,4.50,Intel,Lenovo,16,DDR5,1920x1200,14.0,1024.0,1.44,24160000
52.5,5600,Ultra5,125.0,Intel,4.50,Intel,Lenovo,16,DDR5,1920x1200,16.0,1024.0,,30500000
47,3200,5,13420.0,Intel,4.60,Intel,Lenovo,8,DDR4,1920x1200,14.0,512.0,1.43,19050000
52.5,5600,Ultra5,125.0,Intel,4.50,Intel,Lenovo,16,DDR5,1920x1200,16.0,512.0,,29410000
52.5,5600,Ultra5,125.0,Intel,4.50,Intel,Lenovo,32,DDR5,1920x1200,16.0,1024.0,,32300000
52.5,5600,Ultra5,125.0,Intel,4.30,Intel,Lenovo,16,DDR5,1920x1200,16.0,512.0,,29050000
52.5,5600,Ultra5,125.0,Intel,4.30,Intel,Lenovo,16,DDR5,1920x1200,16.0,512.0,,33930000
52.5,5600,Ultra5,125.0,Intel,4.30,Intel,Lenovo,32,DDR5,1920x1200,16.0,1024.0,,31930000
57,6400,Ultra7,155.0,Intel,4.80,Intel,Lenovo,16,LPDDR5x,1920x1200,14.0,512.0,1.35,58040000
52.5,5600,Ultra5,125.0,Intel,4.30,Intel,Lenovo,16,DDR5,1920x1200,16.0,1024.0,,30140000
41,4400,5,1334.0,Intel,4.60,Intel,Dell,16,DDR5,1920x1200,14.0,512.0,1.69,21490000
77,7467,Ultra7,155.0,Intel,4.80,Intel,LG,16,LPDDR5X,2560x1600,17.0,1024.0,1.35,49290000
79.6,7467,Ultra7,155.0,Intel,4.80,Intel,LG,16,LPDDR5X,2880x1800,16.0,512.0,1.199,51490000
55,7467,Ultra7,155.0,Intel,4.80,Intel,Dell,16,LPDDR5X,2560x1600,13.4,1024.0,1.243,63990000
85,7500,7,8845.0,AMD,5.10,Amd,Lenovo,16,LPDDR5,2560x1600,16.0,1024.0,1.9,23990000
60,7467,Ultra7,155.0,Intel,4.80,Intel,LG,16,LPDDR5X,1920x1080,15.6,512.0,0.99,46500000
54,5200,7,150.0,Intel,5.40,Intel,Dell,16,DDR5,1920x1200,14.0,1024.0,1.56,26490000
57,6400,7,8845.0,AMD,5.10,Amd,Lenovo,16,LPDDR5x,1920x1200,14.0,512.0,1.48,23190000
71,5200,5,13420.0,Intel,4.60,Intel,Lenovo,16,DDR5,1920x1200,16.0,512.0,1.7,19520000
47,3200,5,13420.0,Intel,4.60,Intel,Lenovo,16,DDR4,1920x1200,16.0,512.0,1.81,19860000
85,7500,7,8845.0,AMD,5.10,Amd,Lenovo,32,LPDDR5,2560x1600,16.0,1024.0,1.9,25990000
73,7467,Ultra7,155.0,Intel,4.80,Nvidia,Lenovo,32,LPDDR5x,2880x1800,14.5,1024.0,1.59,47290000
76,6400,Ultra7,155.0,Intel,4.80,Nvidia,Acer,32,LPDDR5X,2880x1800,14.5,1024.0,1.5,53990000
50,4800,3,,Intel,3.80,Intel,Acer,8,LPDDR5,1920x1080,15.6,512.0,1.75,10990000
57,6400,Ultra5,125.0,Intel,4.50,Intel,Lenovo,32,LPDDR5x,1920x1200,14.0,1024.0,1.09,52990000
54.7,6400,Ultra5,125.0,Intel,4.50,Intel,Lenovo,16,LPDDR5x,1920x1200,13.3,512.0,1.17,31990000
76,6400,Ultra7,155.0,Intel,4.80,Nvidia,Acer,32,LPDDR5X,2880x1800,14.5,1024.0,1.5,47490000
76,6400,Ultra7,155.0,Intel,4.80,Nvidia,Acer,32,LPDDR5X,2880x1800,14.5,1024.0,1.5,44990000
42,3200,5,1335.0,Intel,4.60,Intel,Dell,16,DDR4,1920x1080,15.6,512.0,,21290000
42,3200,7,1355.0,Intel,5.00,Intel,Dell,16,DDR4,1920x1080,15.6,512.0,,26390000
38,3200,5,13420.0,Intel,4.60,Intel,Lenovo,16,DDR4,1920x1080,14.0,512.0,1.43,14990000
52.5,7500,7,1360.0,Intel,5.00,Nvidia,Lenovo,32,LPDDR5x,2240x1400,14.0,512.0,1.34,42440000
52.5,,5,1340.0,Intel,4.60,Nvidia,Lenovo,16,LPDDR5x,1920x1200,16.0,512.0,1.7,36120000
90,5600,7,13700.0,Intel,5.00,Nvidia,Lenovo,32,DDR5,3840x2400,16.0,1024.0,2.2,68720000
52.5,5600,Ultra5,125.0,Intel,4.30,Intel,Lenovo,16,DDR5,1920x1200,14.0,512.0,1.36,31990000
47,5200,3,100.0,Intel,4.70,Intel,Lenovo,8,DDR5,1920x1080,15.6,512.0,1.61,15050000
86,4800,5,13420.0,Intel,4.60,Intel,Dell,16,DDR5,2560x1600,16.0,1024.0,2.06,21990000
41,,5,1235.0,Intel,4.40,Intel,Dell,16,DDR4,1920x1080,15.6,512.0,1.85,17990000
47,5200,3,100.0,Intel,4.70,Intel,Lenovo,16,DDR5,1920x1080,15.6,512.0,1.61,15910000
54,5200,7,150.0,Intel,5.40,Intel,Dell,16,DDR5,1920x1200,14.0,1024.0,1.71,22990000
41,3200,7,1355.0,Intel,5.00,Intel,HP,16,DDR4,1920x1080,15.6,1024.0,1.7,21490000
71,5200,7,1355.0,Intel,5.00,Intel,Lenovo,16,DDR5,1920x1200,16.0,512.0,1.7,24990000
41,3200,7,1355.0,Intel,5.00,Intel,HP,16,DDR4,1920x1080,15.6,1024.0,1.7,20990000
41,3200,7,1355.0,Intel,5.00,Intel,HP,16,DDR4,1920x1080,15.6,1024.0,1.7,21490000
41,3200,7,1355.0,Intel,5.00,Intel,HP,16,DDR4,1920x1080,15.6,1024.0,1.7,20990000
85,7500,7,8845.0,AMD,5.10,Amd,Lenovo,32,LPDDR5x,2560x1600,14.5,1024.0,1.5,25590000
75,5600,Ultra7,155.0,Intel,4.80,Nvidia,Lenovo,32,DDR5,3072x1920,14.5,1024.0,1.61,50990000
75,5600,Ultra7,155.0,Intel,4.80,Nvidia,Lenovo,32,DDR5,3072x1920,14.5,512.0,1.61,49990000
75,7467,Ultra7,155.0,Intel,4.80,Intel,Asus,16,LPDDR5X,2880x1800,14.0,512.0,1.3,29990000
68,7467,Ultra7,155.0,Intel,4.80,Intel,HP,16,LPDDR5x,2880x1800,14.0,1024.0,1.4,36990000
43,3200,7,150.0,Intel,5.40,Intel,HP,16,DDR4,1920x1080,14.0,512.0,1.51,27990000
75,5600,Ultra7,155.0,Intel,4.80,Nvidia,Lenovo,32,DDR5,1920x1200,16.0,1024.0,1.82,46920000
68,7467,Ultra7,155.0,Intel,4.80,Intel,HP,32,LPDDR5x,2880x1800,14.0,1024.0,1.36,56990000
52.5,5600,Ultra5,125.0,Intel,4.50,Intel,Lenovo,16,DDR5,1920x1200,14.0,512.0,1.36,30990000
75,5600,Ultra7,155.0,Intel,4.80,Nvidia,Lenovo,16,DDR5,1920x1200,16.0,512.0,1.82,43820000
75,5600,Ultra5,125.0,Intel,4.50,Nvidia,Lenovo,32,DDR5,1920x1200,16.0,1024.0,1.82,46730000
75,5600,Ultra5,125.0,Intel,4.50,Nvidia,Lenovo,16,DDR5,1920x1200,16.0,512.0,1.82,43640000
75,5600,Ultra5,125.0,Intel,4.50,Nvidia,Lenovo,32,DDR5,1920x1200,16.0,1024.0,1.82,40690000
75,5600,Ultra5,125.0,Intel,4.50,Nvidia,Lenovo,32,DDR5,1920x1200,16.0,512.0,1.82,40390000
56,5600,Ultra5,125.0,Intel,4.30,Intel,HP,8,DDR5,1920x1200,14.0,512.0,1.39,23990000
43,3200,5,120.0,Intel,5.00,Intel,HP,16,DDR4,1920x1080,14.0,512.0,1.51,24990000
56,5600,Ultra5,125.0,Intel,4.50,Intel,HP,16,DDR5,1920x1200,14.0,512.0,1.39,27990000
54,5200,5,120.0,Intel,5.00,Intel,Dell,16,DDR5,1920x1200,14.0,1024.0,1.74,30890000
75,5600,Ultra5,125.0,Intel,4.50,Nvidia,Lenovo,16,DDR5,1920x1200,16.0,512.0,1.82,37690000
50,3200,7,5700.0,AMD,4.30,Amd,Acer,16,DDR4,1920x1080,15.6,512.0,1.7,13990000
43,3200,5,120.0,Intel,5.00,Intel,HP,16,DDR4,1920x1080,14.0,512.0,1.51,24800000
42,5600,5,1335.0,Intel,4.60,Intel,Dell,8,DDR5,1920x1080,14.0,512.0,,19990000
66,4266,7,1250.0,Intel,4.70,Intel,HP,16,LDDR4,2880x1800,13.3,512.0,1.33,32990000
73,7500,AI9,,AMD,5.00,Amd,Lenovo,32,LPDDR5x,2880x1800,14.5,1024.0,1.54,41990000
57,7467,Ultra7,155.0,Intel,4.80,Intel,Lenovo,16,LPDDR5x,1920x1200,14.0,512.0,1.46,26890000
52.5,5600,Ultra7,155.0,Intel,4.80,Intel,Lenovo,16,DDR5,1920x1200,14.0,512.0,1.36,34490000
54,5200,7,150.0,Intel,5.40,Intel,Dell,16,DDR5,1920x1200,14.0,1024.0,1.74,36990000
52.5,7500,7,1360.0,Intel,5.00,Nvidia,Lenovo,32,LPDDR5x,1920x1200,16.0,1024.0,1.7,47390000
43,3200,7,150.0,Intel,5.40,Intel,HP,16,DDR4,1920x1080,14.0,512.0,1.51,28300000
57,5600,Ultra9,185.0,Intel,5.10,Nvidia,Lenovo,32,DDR5,1920x1200,16.0,512.0,1.61,55990000
56,5600,Ultra5,125.0,Intel,4.50,Intel,HP,16,DDR5,1920x1200,16.0,512.0,1.74,25990000
54.7,6400,Ultra5,125.0,Intel,4.50,Intel,Lenovo,32,LPDDR5x,1920x1200,13.3,512.0,1.17,34200000
58,,5,1334.0,Intel,4.60,Intel,Acer,16,DDR5,1920x1200,14.0,512.0,,15990000
68,7467,Ultra7,155.0,Intel,4.80,Intel,HP,32,LPDDR5x,2880x1800,14.0,2048.0,1.4,45990000
54,6400,Ultra5,135.0,Intel,4.40,Intel,Dell,16,LPDDR5,1920x1200,13.3,512.0,1.15,38490000
42,5600,Ultra5,125.0,Intel,4.30,Intel,Dell,16,DDR5,1920x1080,14.0,512.0,1.4,26990000
54,6400,Ultra7,,Intel,4.90,Intel,Dell,16,LPDDR5x,1920x1080,13.3,512.0,1.35,32790000
63,,5,13500.0,Intel,4.70,Intel,ASUS,16,DDR5,1920x1080,15.6,512.0,1.65,16790000
63,,7,13700.0,Intel,5.00,Intel,ASUS,16,DDR5,1920x1080,15.6,512.0,1.65,20390000
54,3200,7,1355.0,Intel,5.00,Intel,Dell,16,DDR4,1920x1080,15.6,1024.0,1.65,25990000
55,7467,Ultra5,125.0,Intel,4.50,Intel,Dell,16,LPDDR5X,2560x1600,13.4,2048.0,1.19,56990000
47,5200,7,150.0,Intel,5.40,Integrated,Lenovo,16,DDR5,1920x1080,14.0,512.0,1.37,22490000
57,6400,Ultra7,165.0,Intel,4.90,Intel,Lenovo,64,LPDDR5x,2880x1800,14.0,1024.0,1.09,65390000
47,5200,5,120.0,Intel,5.00,Integrated,Lenovo,16,DDR5,1920x1080,14.0,256.0,1.37,18490000
47,5600,Ultra5,125.0,Intel,4.30,Intel,Lenovo,16,DDR5,1920x1200,16.0,1024.0,1.81,24890000
58,4800,Ultra7,155.0,Intel,4.80,Intel,Acer,16,DDR5X,1920x1200,14.0,512.0,1.27,22990000
47,5600,Ultra5,125.0,Intel,4.30,Intel,Lenovo,16,DDR5,1920x1200,16.0,512.0,1.81,23790000
41,,5,1235.0,Intel,4.40,Intel,Dell,8,DDR4,1920x1080,15.6,512.0,1.9,15590000
47,5600,Ultra5,125.0,Intel,4.30,Intel,Lenovo,32,DDR5,1920x1200,16.0,1024.0,1.81,26590000
41,2666,3,1215.0,Intel,4.40,Intel,Dell,8,DDR4,1920x1080,15.6,512.0,1.65,12990000
47,3200,5,13420.0,Intel,4.60,Intel,Lenovo,16,DDR4,1920x1200,16.0,512.0,1.81,21990000
41,2666,5,1235.0,Intel,4.40,Intel,Dell,16,DDR4,1920x1080,15.6,512.0,1.9,16190000
41,,5,1235.0,Intel,4.40,Intel,Dell,16,DDR4,1920x1080,15.6,512.0,1.9,16990000
72,6400,Ultra5,125.0,Intel,4.50,Intel,LG,16,LPDDR5X,1920x1200,14.0,512.0,1.12,36290000
38,3200,5,1235.0,Intel,4.40,Intel,Lenovo,8,DDR4,1920x1080,14.0,256.0,1.43,13990000
47,3200,7,7730.0,AMD,4.50,Amd,Lenovo,16,DDR4,1920x1080,15.6,512.0,1.62,16390000
54,5200,5,120.0,Intel,5.00,Intel,Dell,8,DDR5,1920x1200,14.0,512.0,1.71,18990000
75,7467,Ultra5,125.0,Intel,4.50,Intel,ASUS,16,LPDDR5X,2880x1800,14.0,512.0,,28990000
73,6400,9,8945.0,AMD,5.20,Nvidia,Asus,16,LPDDR5X,2880x1800,14.0,1024.0,1.5,45990000
73,6400,9,8945.0,AMD,5.20,Nvidia,Asus,32,LPDDR5X,2880x1800,14.0,1024.0,1.5,50990000
64,4800,9,13900.0,Intel,5.40,Nvidia,Dell,16,DDR5,1920x1080,15.6,512.0,1.79,60990000
80,4800,7,13620.0,Intel,4.90,Nvidia,Dell,16,LPDDR5,2560x1600,14.0,512.0,1.91,36990000
50,3200,5,12500.0,Intel,4.50,Nvidia,ASUS,16,DDR4,1920x1200,16.0,512.0,,20990000
73,6400,9,8945.0,AMD,5.20,Nvidia,Asus,32,LPDDR5X,2880x1800,14.0,1024.0,1.5,51990000
60,4800,5,7235.0,AMD,4.20,Nvidia,Lenovo,12,DDR5,1920x1080,15.6,512.0,,19990000
60,4800,7,7435.0,AMD,4.50,Nvidia,Lenovo,16,DDR5,1920x1080,15.6,512.0,,28990000
99.99,5600,9,14900.0,Intel,5.80,Nvidia,Lenovo,32,DDR5,3200x2000,16.0,1024.0,2.24,66990000
90,4800,7,13650.0,Intel,4.90,Nvidia,Asus,16,DDR5,1920x1200,16.0,1024.0,2.5,40990000
90,4800,7,13650.0,Intel,4.90,Nvidia,Asus,16,DDR5,1920x1200,16.0,1024.0,2.5,38990000
90,5600,9,14900.0,Intel,5.80,Nvidia,Asus,32,DDR5,2560x1600,16.0,1024.0,2.5,56990000
90,4800,7,13650.0,Intel,4.90,Nvidia,Asus,16,DDR5,2560x1600,18.0,1024.0,3.3,42990000
90,5600,9,14900.0,Intel,5.80,Nvidia,Asus,32,DDR5,2560x1600,18.0,1024.0,3.0,58990000
60,4800,5,12450.0,Intel,4.40,Nvidia,Lenovo,12,DDR5,1920x1080,15.6,512.0,,18990000
,3200,7,12700.0,Intel,4.70,Nvidia,Gigabyte,16,DDR4,1920x1080,15.6,512.0,2.3,33990000
90,5600,9,14900.0,Intel,5.80,Nvidia,MSI,32,DDR5,2560x1600,17.0,1024.0,,51990000
65,5600,7,14650.0,Intel,5.20,Nvidia,MSI,32,DDR5,1920x1200,16.0,1024.0,2.3,37990000
90,5600,9,14900.0,Intel,5.80,Nvidia,Asus,32,DDR5,2560x1600,18.0,1024.0,3.0,51990000
99,5600,7,14650.0,Intel,5.20,Nvidia,Gigabyte,16,DDR5,2560x1600,16.0,1024.0,2.3,46990000
90,5600,9,14900.0,Intel,5.80,Nvidia,Acer,32,DDR5,2560x1600,16.0,2048.0,2.7,67990000
48,5600,7,7435.0,AMD,4.50,Nvidia,Asus,16,DDR5,1920x1080,15.6,512.0,2.08,23490000
60,4800,7,7435.0,AMD,4.50,Nvidia,Lenovo,16,DDR5,1920x1080,15.6,512.0,,24990000
60,4800,5,12450.0,Intel,4.40,Nvidia,Lenovo,12,DDR5,1920x1080,15.6,512.0,,20990000
80,5200,9,7945.0,AMD,5.40,Nvidia,Lenovo,16,DDR5,2560x1600,16.0,1024.0,2.55,38990000
70,3200,5,12450.0,Intel,4.70,Nvidia,HP,8,DDR4,1920x1080,15.6,512.0,2.29,18990000
97,,9,14900.0,Intel,5.80,Nvidia,Dell,32,DDR5,2560x1600,18.0,1024.0,4.23,79990000
90,3200,7,13620.0,Intel,4.90,Nvidia,Asus,16,DDR4,1920x1200,16.0,512.0,2.0,40990000
99.99,5600,9,14900.0,Intel,5.80,Nvidia,Lenovo,16,DDR5,2560x1600,16.0,1024.0,2.62,66990000
59,,5,7535.0,AMD,4.55,Nvidia,Acer,8,DDR5,1920x1080,15.6,512.0,2.1,22990000
80,5600,7,8845.0,AMD,5.10,Nvidia,Lenovo,32,DDR5,2560x1600,16.0,1024.0,,44990000
57,5600,7,8845.0,AMD,5.10,Nvidia,Acer,16,DDR5,1920x1200,16.0,512.0,2.5,28790000
57,5600,5,8645.0,AMD,5.00,Nvidia,Acer,16,DDR5,1920x1200,16.0,512.0,2.5,27490000
70,3200,5,12500.0,Intel,4.50,Nvidia,ASUS,16,DDR4,1920x1200,16.0,512.0,,28490000
48,5600,7,7435.0,AMD,4.50,Nvidia,Asus,16,DDR5,1920x1080,15.6,512.0,2.3,22990000
50,3200,5,12500.0,Intel,4.50,Nvidia,ASUS,16,DDR4,1920x1200,16.0,512.0,,24990000
90,5200,7,13620.0,Intel,4.90,Nvidia,Asus,16,DDR5,1920x1080,15.6,1024.0,2.2,32990000
60,4800,7,13650.0,Intel,4.90,Nvidia,Lenovo,24,DDR5,1920x1080,15.6,512.0,2.45,33990000
60,5600,7,8845.0,AMD,5.10,Nvidia,Lenovo,16,DDR5,1920x1080,15.6,1024.0,,31990000
90,4800,7,7735.0,AMD,4.70,Amd,Asus,16,DDR5,1920x1200,16.0,512.0,2.2,24990000
60,4800,7,13650.0,Intel,4.90,Nvidia,Lenovo,24,DDR5,1920x1080,15.6,512.0,2.32,37990000
99.9,5600,Ultra9,185.0,Intel,5.40,Nvidia,MSI,64,DDR5,3840x2400,18.0,2048.0,2.89,102990000
73,7500,AI9,,AMD,5.10,Nvidia,ASUS,32,LPDDR5X,2560x1600,14.0,1024.0,1.46,46990000
99,4800,7,13650.0,Intel,4.90,Nvidia,Gigabyte,16,DDR5,2560x1600,16.0,1024.0,2.3,36990000
73,7500,AI9,,AMD,5.10,Nvidia,ASUS,16,LPDDR5X,2560x1600,14.0,1024.0,1.46,44990000
70,5600,7,13700.0,Intel,5.00,Nvidia,HP,32,DDR5,1920x1080,16.1,512.0,2.31,35490000
70,5600,7,13700.0,Intel,5.00,Nvidia,HP,32,DDR5,1920x1080,16.1,512.0,2.31,35490000
57,5600,7,8845.0,AMD,5.10,Nvidia,Acer,16,DDR5,1920x1200,16.0,512.0,2.5,31990000
70,5600,7,13700.0,Intel,5.00,Nvidia,HP,32,DDR5,1920x1080,16.1,512.0,2.31,34190000
70,5600,7,13700.0,Intel,5.00,Nvidia,HP,32,DDR5,1920x1080,16.1,512.0,2.31,34190000
90,4800,7,13650.0,Intel,4.90,Nvidia,Asus,16,DDR5,2560x1600,16.0,512.0,2.5,46990000
90,5600,9,14900.0,Intel,5.80,Nvidia,Asus,32,DDR5,2560x1600,16.0,1024.0,2.5,49990000
76,6400,Ultra9,185.0,Intel,5.10,Nvidia,Acer,32,LPDDR5X,3072x1920,14.5,1024.0,1.9,49990000
90,5600,9,14900.0,Intel,5.80,Nvidia,Acer,32,DDR5,2560x1600,16.0,1024.0,2.8,59900000
50,3200,5,13420.0,Intel,4.60,Nvidia,Acer,32,DDR4,1920x1080,15.6,512.0,1.8,22990000
90,4800,7,7435.0,AMD,4.50,Nvidia,Asus,16,DDR5,1920x1080,15.6,512.0,2.2,30490000
57,4800,5,7535.0,AMD,4.55,Nvidia,Acer,16,DDR5,1920x1080,15.6,512.0,2.1,22990000
90,5600,7,14700.0,Intel,5.50,Nvidia,Acer,16,DDR5,2560x1600,16.0,1024.0,2.6,36990000
90,4800,7,7435.0,AMD,4.50,Nvidia,Asus,16,DDR5,1920x1080,15.6,512.0,2.2,30990000
90,4800,7,13620.0,Intel,4.90,Nvidia,Asus,16,DDR5,1920x1080,15.6,512.0,2.2,29990000
56,4800,5,13450.0,Intel,4.60,Nvidia,Dell,16,DDR5,1920x1080,15.6,512.0,2.65,26990000
90,5600,7,14700.0,Intel,5.50,Nvidia,Acer,16,DDR5,2560x1600,16.0,1024.0,2.6,36990000
57.5,5200,7,13620.0,Intel,4.90,Nvidia,Acer,16,DDR5,1920x1080,15.6,512.0,2.5,26990000
90,5600,9,14900.0,Intel,5.80,Nvidia,Acer,16,DDR5,2560x1600,16.0,1024.0,2.6,40990000
90,5600,5,14500.0,Intel,4.90,Nvidia,Acer,16,DDR5,2560x1600,16.0,1024.0,2.6,34990000
57.5,4800,5,12450.0,Intel,4.40,Nvidia,Acer,8,DDR5,1920x1080,15.6,512.0,2.5,26990000
54,4800,7,13620.0,Intel,4.90,Nvidia,Gigabyte,16,DDR5,1920x1080,15.6,512.0,2.08,26090000
57.5,5200,5,13420.0,Intel,4.60,Nvidia,Acer,16,DDR5,1920x1080,15.6,512.0,2.1,23990000
50,3200,5,13420.0,Intel,4.60,Nvidia,Acer,16,DDR4,1920x1080,15.6,512.0,1.7,21490000
57.5,4800,5,12450.0,Intel,4.40,Nvidia,Acer,16,DDR5,1920x1080,15.6,512.0,2.5,28990000
86,4800,9,13900.0,Intel,5.40,Nvidia,Dell,16,DDR5,1920x1080,15.6,1024.0,2.81,48990000
54,4800,7,13620.0,Intel,4.90,Nvidia,Gigabyte,16,DDR5,1920x1200,16.0,1024.0,2.3,27590000
86,4800,7,13650.0,Intel,4.90,Nvidia,Dell,16,DDR5,1920x1080,15.6,1024.0,2.81,42990000
90,5600,9,14900.0,Intel,5.80,Nvidia,Asus,32,DDR5,2560x1600,16.0,1024.0,2.5,55990000
99.9,5600,9,14900.0,Intel,5.80,Nvidia,Lenovo,64,DDR5,3200x2000,16.0,2048.0,2.6,141990000
80,5600,7,14650.0,Intel,5.20,Nvidia,Lenovo,16,DDR5,2560x1600,16.0,1024.0,2.43,33990000
80,,9,14900.0,Intel,5.80,Nvidia,Lenovo,16,DDR5,2560x1600,16.0,1024.0,2.35,42990000
80,5600,7,14650.0,Intel,5.20,Nvidia,Lenovo,16,DDR5,2560x1600,16.0,1024.0,2.43,35990000
75,6400,9,7940.0,AMD,5.20,Amd,Asus,16,LPDDR5,1920x1200,13.4,512.0,1.3,25990000
90,4800,7,13620.0,Intel,4.90,Nvidia,Asus,16,DDR5,1920x1080,15.6,512.0,2.2,40990000
80,5600,7,14700.0,Intel,5.50,Nvidia,Lenovo,16,DDR5,2560x1600,16.0,1024.0,2.43,37990000
,6400,Ultra7,155.0,Intel,4.8,Intel,MSI,16,LPDDR5,1920x1080,7.0,512.0,,21990000
90,5600,9,14900.0,Intel,5.80,Nvidia,Acer,16,DDR5,2560x1600,16.0,1024.0,2.8,56990000
60,4800,5,12450.0,Intel,4.40,Nvidia,Lenovo,16,DDR5,1920x1080,15.6,512.0,,27990000
52.4,3200,7,13620.0,Intel,4.90,Nvidia,MSI,8,DDR4,1920x1080,15.6,512.0,1.86,21990000
80,5600,7,8845.0,AMD,5.10,Nvidia,Lenovo,16,DDR5,2560x1600,16.0,512.0,,41990000
90,,7,14700.0,Intel,5.50,Nvidia,Acer,16,DDR5,2560x1600,16.0,1024.0,2.8,51990000
99.99,5600,9,14900.0,Intel,5.80,Nvidia,Lenovo,32,DDR5,3200x2000,16.0,1024.0,2.24,66990000
90,4800,7,13650.0,Intel,4.90,Nvidia,Asus,16,DDR5,2560x1600,16.0,512.0,2.5,40990000
90,3200,7,13620.0,Intel,4.90,Nvidia,Asus,16,DDR4,2560x1600,16.0,512.0,2.0,44990000
86,4800,7,7840.0,AMD,5.10,Nvidia,Dell,16,DDR5,1920x1080,15.6,512.0,2.81,28990000
72,5600,Ultra7,155.0,Intel,4.80,Nvidia,MSI,32,DDR5,2880x1800,14.0,1024.0,1.7,51990000
57.5,5200,9,13900.0,Intel,5.40,Nvidia,Acer,16,DDR5,1920x1080,15.6,512.0,2.1,32990000
65,5600,7,14700.0,Intel,5.50,Nvidia,MSI,16,DDR5,2560x1600,16.0,1024.0,2.3,39990000
53.5,5600,7,8845.0,AMD,5.10,Nvidia,MSI,16,DDR5,1920x1080,15.6,512.0,,28990000
99.99,5600,Ultra9,185.0,Intel,5.10,Nvidia,MSI,32,DDR5,3840x2400,18.0,2048.0,2.97,79990000
60,4800,5,12450.0,Intel,4.40,Nvidia,Lenovo,12,DDR5,1920x1080,15.6,512.0,,21490000
72,5600,Ultra7,155.0,Intel,4.80,Nvidia,MSI,32,DDR5,2880x1800,14.0,1024.0,1.7,49990000
99.99,5600,Ultra9,185.0,Intel,5.10,Nvidia,MSI,32,DDR5,3840x2400,18.0,2048.0,2.79,94990000
90,5600,Ultra7,155.0,Intel,4.80,Nvidia,MSI,32,DDR5,2560x1600,17.0,1024.0,,51990000
53.5,5200,7,8840.0,AMD,5.10,Nvidia,MSI,16,DDR5,1920x1080,15.6,512.0,,30990000
90,5600,9,13980.0,Intel,5.60,Nvidia,MSI,16,DDR5,1920x1200,16.0,1024.0,,59990000
52.4,3200,5,12450.0,Intel,4.40,Nvidia,MSI,8,DDR4,1920x1080,15.6,512.0,1.86,21990000
99.99,5600,Ultra9,185.0,Intel,5.10,Nvidia,MSI,32,DDR5,2560x1600,16.0,2048.0,1.99,64990000
83,4800,9,13950.0,Intel,5.50,Nvidia,Dell,32,DDR5,1920x1200,16.0,1024.0,2.67,87990000
83,4800,7,13850.0,Intel,5.30,Nvidia,Dell,32,DDR5,1920x1200,16.0,1024.0,2.67,80990000
53.5,5200,7,13620.0,Intel,4.90,Nvidia,MSI,16,DDR5,1920x1080,15.6,512.0,,29990000
90,,9,13950.0,Intel,5.50,Nvidia,MSI,16,,1920x1200,16.0,1024.0,,61990000
52.4,4800,5,7535.0,AMD,4.55,Nvidia,MSI,8,DDR5,1920x1080,15.6,512.0,1.86,20990000
57.5,5200,7,13620.0,Intel,4.90,Nvidia,Acer,16,DDR5,1920x1080,15.6,512.0,2.5,30990000
90,4800,9,13900.0,Intel,5.40,Nvidia,Acer,16,DDR5,2560x1600,16.0,1024.0,2.6,37990000
90,4800,7,13620.0,Intel,4.90,Nvidia,Asus,8,DDR5,1920x1080,15.6,512.0,2.2,28990000
54,4800,5,13500.0,Intel,4.70,Nvidia,Gigabyte,8,DDR5,1920x1080,15.6,512.0,2.08,23290000
90,4800,7,13700.0,Intel,5.00,Nvidia,Acer,16,DDR5,2560x1600,16.0,1024.0,2.6,34990000
4,5600,7,7840.0,AMD,5.10,Nvidia,Lenovo,16,DDR5,1920x1080,15.6,512.0,2.4,29990000
54,4800,5,13500.0,Intel,4.70,Nvidia,Gigabyte,8,DDR5,1920x1080,15.6,512.0,2.08,26290000
57.5,5200,5,13420.0,Intel,4.60,Nvidia,Acer,8,DDR5,1920x1080,15.6,512.0,2.1,21490000
50,3200,5,13420.0,Intel,4.60,Nvidia,Acer,8,DDR4,1920x1080,15.6,512.0,1.7,20490000
80,5200,9,7945.0,AMD,5.40,Nvidia,Lenovo,16,DDR5,2560x1600,16.0,1024.0,2.53,38990000
90,4800,9,13980.0,Intel,5.60,Nvidia,Asus,16,DDR5,2560x1600,18.0,1024.0,3.3,69990000
56,3200,5,12500.0,Intel,4.50,Nvidia,Asus,16,DDR4,1920x1080,15.6,512.0,2.2,24999000
54,4800,7,13620.0,Intel,4.90,Nvidia,Gigabyte,16,DDR5,1920x1200,16.0,512.0,2.3,29900000
54,4800,5,13500.0,Intel,4.70,Nvidia,Gigabyte,16,DDR5,1920x1080,15.6,512.0,2.08,23790000
50,,7,12650.0,Intel,4.70,Nvidia,Acer,16,DDR4,1920x1080,15.6,512.0,2.1,25690000
57.5,5200,5,13420.0,Intel,4.60,Nvidia,Acer,16,DDR5,1920x1080,15.6,512.0,2.5,27990000
54,4800,7,13620.0,Intel,4.90,Nvidia,Gigabyte,16,DDR5,1920x1080,15.6,512.0,2.08,27990000
86,4800,7,13650.0,Intel,4.90,Nvidia,Dell,16,DDR5,1920x1080,15.6,1024.0,2.65,31990000
90,4800,7,7735.0,AMD,4.75,Nvidia,Asus,8,DDR5,1920x1080,15.6,512.0,2.2,29990000
52.5,4800,5,7535.0,AMD,4.55,Nvidia,HP,16,DDR5,1920x1080,15.6,512.0,2.29,25490000
,,7,13650.0,Intel,4.90,Nvidia,Dell,16,DDR5,1920x1080,15.6,512.0,2.65,42990000
54,3200,5,12500.0,Intel,4.50,Nvidia,Gigabyte,16,DDR4,1920x1080,15.6,512.0,1.9,25890000
54,3200,5,12500.0,Intel,4.50,Nvidia,Gigabyte,8,DDR4,1920x1080,15.6,512.0,1.9,28990000
,,7,13650.0,Intel,4.90,Nvidia,Dell,16,DDR5,1920x1080,15.6,512.0,2.65,41190000
90,,5,13500.0,Intel,4.70,Nvidia,Acer,8,DDR5,1920x1080,17.3,512.0,3.0,35490000
57.5,4800,5,12500.0,Intel,4.50,Nvidia,Acer,16,DDR5,1920x1080,15.6,512.0,2.5,35990000
99,4800,5,12500.0,Intel,4.50,Nvidia,Gigabyte,8,DDR5,1980x1080,15.6,512.0,2.25,27990000
50,3200,5,12450.0,Intel,4.40,Nvidia,Acer,8,DDR4,1920x1080,15.6,512.0,2.1,21490000
50,3200,5,12450.0,Intel,4.40,Nvidia,Acer,16,DDR4,1920x1080,15.6,512.0,2.1,22990000
57.5,3200,7,12700.0,Intel,4.70,Nvidia,Acer,8,DDR4,1920x1080,15.6,512.0,2.5,33790000
90,5600,9,7940.0,AMD,5.20,Nvidia,Acer,16,DDR5,2560x1600,16.0,512.0,2.7,42490000
90,5600,5,7640.0,AMD,5.00,Nvidia,Acer,8,DDR5,1920x1200,16.0,512.0,2.56,30990000
90,5600,7,7840.0,AMD,5.10,Nvidia,Acer,16,DDR5,2560x1600,16.0,512.0,2.7,39990000
57.5,3200,5,12500.0,Intel,4.50,Nvidia,Acer,8,DDR4,1920x1080,15.6,512.0,2.5,29490000
90,5600,9,13900.0,Intel,5.40,Nvidia,Acer,32,DDR5,2560x1600,16.0,2048.0,2.6,102990000
90,5600,9,13900.0,Intel,5.40,Nvidia,Acer,32,DDR5,2560x1600,18.0,2048.0,3.1,104990000
90,5600,7,7840.0,AMD,5.10,Nvidia,Acer,8,DDR5,2560x1600,16.0,512.0,2.7,35990000
99.9,5200,9,13900.0,Intel,5.40,Nvidia,MSI,32,DDR5,3840x2400,16.0,2048.0,1.88,80990000
63,,5,12500.0,Intel,4.50,Nvidia,Gigabyte,16,LPDDR5,2880x1800,14.0,1024.0,1.49,34990000
70,5600,5,7640.0,AMD,5.00,Nvidia,HP,16,DDR5,1920x1080,16.1,512.0,2.31,27390000
90,4800,5,13450.0,Intel,4.60,Nvidia,Asus,8,DDR5,1920x1200,16.0,512.0,2.5,33990000
52.5,3200,5,12450.0,Intel,4.40,Nvidia,HP,16,DDR4,1920x1080,15.6,512.0,2.29,22990000
64,4800,7,13800.0,Intel,5.20,Nvidia,Dell,16,DDR5,1920x1080,15.6,512.0,1.795,44490000
83,,7,13850.0,Intel,5.30,Nvidia,Dell,16,,1920x1200,16.0,512.0,2.67,74990000
100,4800,7,13800.0,Intel,5.20,Nvidia,Dell,16,DDR5,1920x1200,16.0,512.0,,78799000
90,,7,7735.0,AMD,4.75,Nvidia,Asus,16,DDR5,1920x1080,15.6,1024.0,2.2,31990000
54,,7,1370.0,Intel,5.20,Nvidia,Dell,32,,1920x1080,14.0,1024.0,1.39,49990000
64,4800,7,13800.0,Intel,5.20,Nvidia,Dell,32,DDR5,1920x1080,15.6,1024.0,1.795,56990000
90,4800,7,13700.0,Intel,5.00,Nvidia,Acer,16,DDR5,2560x1600,16.0,512.0,2.6,49990000
64,4800,7,13800.0,Intel,5.20,Nvidia,Dell,32,DDR5,1920x1080,15.6,1024.0,1.795,53990000
99.99,5600,9,14900.0,Intel,5.80,Nvidia,Lenovo,32,DDR5,2560x1600,16.0,1024.0,2.62,106990000
80,4800,7,14650.0,Intel,5.20,Nvidia,Lenovo,16,DDR5,2560x1600,16.0,512.0,2.4,43990000
57.5,5200,7,13620.0,Intel,4.90,Nvidia,Acer,16,DDR5,1920x1080,15.6,512.0,2.1,25990000
53.5,4800,5,12450.0,Intel,4.40,Nvidia,MSI,16,DDR5,1920x1080,15.6,512.0,,19990000
80,5600,9,14900.0,Intel,5.80,Nvidia,Lenovo,32,DDR5,2560x1600,16.0,1024.0,2.5,56990000
60,4800,5,12450.0,Intel,4.40,Nvidia,Lenovo,12,DDR5,1920x1080,15.6,512.0,,23990000
57.5,3200,5,12450.0,Intel,4.40,Nvidia,Acer,8,DDR4,1920x1080,15.6,512.0,2.5,24990000
53.5,5600,Ultra7,155.0,Intel,4.80,Nvidia,MSI,16,DDR5,1920x1080,15.6,512.0,,30990000
52.4,4800,5,7535.0,AMD,4.55,Nvidia,MSI,8,DDR5,1920x1080,15.6,512.0,1.86,23990000
90,5600,7,14700.0,Intel,5.50,Nvidia,MSI,32,DDR5,2560x1600,17.0,2048.0,2.49,71990000
99.99,5600,Ultra9,185.0,Intel,5.10,Nvidia,MSI,64,DDR5,3840x2400,16.0,2048.0,1.99,109990000
90,5600,7,14700.0,Intel,5.50,Nvidia,MSI,64,DDR5,2560x1600,17.0,2048.0,2.49,68990000
99.99,5600,Ultra9,185.0,Intel,5.10,Nvidia,MSI,64,DDR5,3840x2400,16.0,2048.0,1.99,89990000
52.4,3200,5,12450.0,Intel,4.40,Nvidia,MSI,8,DDR4,1920x1080,15.6,512.0,1.86,17990000
65,5600,7,14700.0,Intel,5.50,Nvidia,MSI,32,DDR5,2560x1600,16.0,1024.0,2.25,45990000
80,5600,7,14650.0,Intel,5.20,Nvidia,Lenovo,16,DDR5,2560x1600,16.0,1024.0,2.4,45990000
90,5600,9,14900.0,Intel,5.80,Nvidia,Acer,32,DDR5,2560x1600,18.0,4096.0,3.25,104990000
65,5600,7,14650.0,Intel,5.20,Nvidia,MSI,16,DDR5,2560x1600,16.0,1024.0,2.3,39990000
90,5600,9,14900.0,Intel,5.80,Nvidia,Acer,32,DDR5,2560x1600,16.0,2048.0,2.7,78990000
99.99,5600,9,14900.0,Intel,5.80,Nvidia,Lenovo,32,DDR5,2560x1600,16.0,1024.0,2.62,88990000
53.5,5600,7,8845.0,AMD,5.10,Nvidia,MSI,16,DDR5,1920x1080,15.6,1024.0,,39990000
53.5,5200,7,13620.0,Intel,4.90,Nvidia,MSI,16,DDR5,1920x1200,14.0,512.0,,27990000
60,4800,7,7435.0,AMD,4.50,Nvidia,Lenovo,24,DDR5,1920x1080,15.6,512.0,,31490000
80,5600,7,14700.0,Intel,5.50,Nvidia,Lenovo,16,DDR5,2560x1600,16.0,1024.0,2.43,38990000
60,4800,7,7435.0,AMD,4.50,Nvidia,Lenovo,12,DDR5,1920x1080,15.6,512.0,,27490000
70,5600,7,14650.0,Intel,5.20,Nvidia,HP,32,DDR5,1920x1080,16.1,1024.0,2.31,44190000
70,5600,7,14650.0,Intel,5.20,Nvidia,HP,32,DDR5,1920x1080,16.1,1024.0,2.31,36490000
70,5600,7,14650.0,Intel,5.20,Nvidia,HP,32,DDR5,1920x1080,16.1,1024.0,,39990000
86,,9,13900.0,Intel,5.40,Nvidia,Dell,16,DDR5,1920x1080,15.6,1024.0,2.65,46990000
70,5600,5,7640.0,AMD,5.00,Nvidia,HP,32,DDR5,1920x1080,16.1,512.0,2.33,38790000
70,5600,5,7640.0,AMD,5.00,Nvidia,HP,32,DDR5,1920x1080,16.1,512.0,2.33,36290000
70,5600,5,7640.0,AMD,5.00,Nvidia,HP,32,DDR5,1920x1080,16.1,512.0,2.33,36290000
70,5600,7,13700.0,Intel,5.00,Nvidia,HP,32,DDR5,1920x1080,16.1,512.0,2.31,39890000
70,5600,5,7640.0,AMD,5.00,Nvidia,HP,32,DDR5,1920x1080,16.1,512.0,2.33,33790000
40,,Z1,,AMD,4.9,,Asus,16,LPDDR5,1920x1080,7.0,,0.608,12990000
60,4800,5,13450.0,Intel,4.60,Nvidia,Lenovo,12,DDR5,1920x1080,15.6,512.0,,25990000
57,5600,7,8845.0,AMD,5.10,Nvidia,Acer,16,DDR5,1920x1200,16.0,512.0,2.5,34990000
99.9,,Ultra9,185.0,Intel,5.40,Nvidia,MSI,32,DDR5,2560x1600,16.0,2048.0,1.99,70990000
90,4800,7,7435.0,AMD,4.50,Nvidia,Asus,16,DDR5,1920x1080,15.6,512.0,2.2,28490000
70,5600,7,13700.0,Intel,5.00,Nvidia,HP,32,DDR5,1920x1080,16.1,512.0,2.31,45890000
60,4800,7,7435.0,AMD,4.50,Nvidia,Lenovo,16,DDR5,1920x1080,15.6,512.0,,27990000
86,4800,7,7840.0,AMD,5.10,Nvidia,Dell,16,DDR5,1920x1080,15.6,512.0,2.81,27990000
60,4800,5,7235.0,AMD,4.20,Nvidia,Lenovo,12,DDR5,1920x1080,15.6,512.0,,23990000
,,7,13650.0,Intel,4.90,Nvidia,Dell,16,DDR5,1920x1080,15.6,1024.0,2.65,30990000
99.99,5600,9,14900.0,Intel,5.80,Nvidia,Lenovo,32,DDR5,2560x1600,16.0,2048.0,2.62,69990000
60,4800,7,13650.0,Intel,4.90,Nvidia,Lenovo,24,DDR5,1920x1080,15.6,512.0,,35990000
90,5600,9,14900.0,Intel,5.80,Nvidia,Asus,32,DDR5,2560x1600,16.0,2048.0,2.65,120000000
80,4800,9,14900.0,Intel,5.80,Nvidia,Lenovo,16,DDR5,2560x1600,16.0,512.0,2.43,47990000
60,5600,7,8745.0,AMD,4.90,Nvidia,Lenovo,16,DDR5,1920x1080,15.6,512.0,2.4,30990000
65,5600,7,14650.0,Intel,5.20,Nvidia,MSI,16,DDR5,2560x1600,16.0,1024.0,2.3,41990000
90,5600,7,14650.0,Intel,5.20,Nvidia,Acer,16,DDR5,2560x1600,16.0,1024.0,2.8,46990000
57.5,5200,7,13620.0,Intel,4.90,Nvidia,Acer,16,DDR5,1920x1080,15.6,512.0,2.1,32990000
57.5,5200,7,13620.0,Intel,4.90,Nvidia,Acer,16,DDR5,1920x1080,15.6,512.0,2.1,27990000
52.5,3200,5,12450.0,Intel,4.40,Nvidia,HP,16,DDR4,1920x1080,15.6,512.0,2.29,21990000
70,5600,5,14450.0,Intel,4.80,Nvidia,HP,32,DDR5,1920x1080,16.1,1024.0,2.31,32290000
90,5600,9,14900.0,Intel,5.80,Nvidia,Acer,16,DDR5,1900x1200,16.0,1024.0,2.6,35990000
70,5600,5,14450.0,Intel,4.80,Nvidia,HP,16,DDR5,1920x1080,16.1,1024.0,2.31,31690000
90,4800,7,13650.0,Intel,4.90,Nvidia,Asus,16,DDR5,2560x1600,18.0,2048.0,3.0,40990000
60,4800,7,13650.0,Intel,4.90,Nvidia,Lenovo,24,DDR5,1920x1080,15.6,512.0,,32990000
52.5,4800,5,7535.0,AMD,4.55,Amd,HP,8,DDR5,1920x1080,15.6,512.0,2.29,17990000
99.99,5600,Ultra9,185.0,Intel,5.10,Nvidia,MSI,64,DDR5,2560x1600,16.0,1024.0,1.99,78990000
54,5600,Ultra7,165.0,Intel,5.0,Intel,Dell,16,DDR5,1920x1080,15.6,512.0,1.62,46990000
90,5600,9,14900.0,Intel,5.80,Nvidia,MSI,16,DDR5,2560x1600,16.0,1024.0,2.5,45990000
48,5600,7,7435.0,AMD,4.50,Nvidia,Asus,16,DDR5,1920x1080,15.6,512.0,2.3,21990000
57,4800,5,6600.0,AMD,4.50,Nvidia,Acer,16,DDR5,1920x1080,15.6,512.0,2.1,22990000
60,4800,5,7235.0,AMD,4.20,Nvidia,Lenovo,24,DDR5,1920x1080,15.6,512.0,,24490000
90,4800,7,7435.0,AMD,4.50,Amd,Asus,16,DDR5,1920x1200,16.0,512.0,2.2,28490000
90,4800,7,13650.0,Intel,4.90,Nvidia,Asus,16,DDR5,2560x1600,16.0,512.0,2.5,38990000
56,3200,5,12500.0,Intel,4.50,Nvidia,Asus,8,DDR4,1920x1080,15.6,512.0,2.2,23990000
80,5600,9,14900.0,Intel,5.80,Nvidia,Lenovo,32,DDR5,2560x1600,16.0,1024.0,2.5,49990000
80,5600,7,14650.0,Intel,5.20,Nvidia,Lenovo,16,DDR5,2560x1600,16.0,512.0,2.36,38990000
